Ano,Semestre,Nome Mantenedora,Código e-MEC da Mantenedora,CNPJ da mantenedora,Nome da IES,Código e-MEC da IES,Organização Acadêmica da IES,UF da IES,Município da IES,Nome do Local de oferta,Código do Local de Oferta,Município do Local de Oferta,UF do Local de Oferta,Nome da Microregião,Código da Microregião,Código da Mesorregião,Nome da Mesorregião,Área do conhecimento,Subárea do conhecimento,Cód. Do Grupo de Preferência,Nota de Corte GP,Código do Curso,Nome do Curso,Turno,Grau,Conceito,Vagas autorizadas e-mec,Vagas ofertadas FIES,Vagas além da Oferta,Vagas ocupadas, Valor bruto do curso , 1 Semestre Bruto , 2 Semestre Bruto , 3 Semestre Bruto , 4 Semestre Bruto , 5 Semestre Bruto , 6 Semestre Bruto , 7 Semestre Bruto , 8 Semestre Bruto , 9 Semestre Bruto , 10 Semestre Bruto , 11 Semestre Bruto , 12 Semestre Bruto , Valor bruto do curso para FIES ,Índice de correção - IPCA, 1 Semestre Fies , 2 Semestre Fies , 3 Semestre Fies , 4 Semestre Fies , 5 Semestre Fies , 6 Semestre Fies , 7 Semestre Fies , 8 Semestre Fies , 9 Semestre Fies , 10 Semestre Fies , 11 Semestre Fies , 12 Semestre Fies 
2022,1,ASSUPERO ENSINO SUPERIOR LTDA.,2415,6099229000101,UNIVERSIDADE PAULISTA,322,Universidade,SP,São Paulo,ASSIS I,9522,Assis,SP,Assis,35039,3510,Assis,CURSOS NAO PRIORITARIOS,"CIÊNCIAS SOCIAIS, POLÍTICAS, ECONÔMICAS E CONTÁBEIS, PSICOLOGIA E SECRETARIADO",134661,"560,68",77732,CIÊNCIAS CONTÁBEIS,NOTURNO,Bacharelado,4,230,92,138,0," 40.439,84 "," 5.054,98 "," 5.054,98 "," 5.054,98 "," 5.054,98 "," 5.054,98 "," 5.054,98 "," 5.054,98 "," 5.054,98 ", -   , -   , -   , -   ," 28.307,84 ",250%," 3.538,48 "," 3.538,48 "," 3.538,48 "," 3.538,48 "," 3.538,48 "," 3.538,48 "," 3.538,48 "," 3.538,48 ", -   , -   , -   , -   
2022,1,EDITORA E DISTRIBUIDORA EDUCACIONAL S/A,14514,38733648000140,UNIVERSIDADE DE CUIABÁ,780,Universidade,MT,Cuiabá,UNIC - Beira Rio I (SEDE),658099,Cuiabá,MT,Cuiabá,51017,5104,Centro-Sul Mato-grossense,CURSOS NAO PRIORITARIOS,"DIREITO, COMÉRCIO EXTERIOR, BIBLIOTECONOMIA E CURSOS RELACIONADOS",136049,"632,96",16817,DIREITO,MATUTINO,Bacharelado,4,163,65,98,5," 95.250,00 "," 9.525,00 "," 9.525,00 "," 9.525,00 "," 9.525,00 "," 9.525,00 "," 9.525,00 "," 9.525,00 "," 9.525,00 "," 9.525,00 "," 9.525,00 ", -   , -   ," 53.340,00 ",125%," 5.334,00 "," 5.334,00 "," 5.334,00 "," 5.334,00 "," 5.334,00 "," 5.334,00 "," 5.334,00 "," 5.334,00 "," 5.334,00 "," 5.334,00 ", -   , -   
2022,1,ORGANIZACAO TECNOLOGICA DE ENSINO LTDA,16093,7714798000182,Faculdade de Tecnologia e Ciências,20606,Faculdade ,BA,Juazeiro,Campus Principal,1072693,Juazeiro,BA,Juazeiro,29004,2902,Vale São-Franciscano da Bahia,CURSOS DA AREA DE SAUDE,"ODONTOLOGIA, QUIROPRAXIA, FÍSICA MÉDICA E NATUROLOGIA",133052,"562,6",1325018,ODONTOLOGIA,INTEGRAL,Bacharelado,3,85,25,25,38," 167.833,80 "," 16.783,38 "," 16.783,38 "," 16.783,38 "," 16.783,38 "," 16.783,38 "," 16.783,38 "," 16.783,38 "," 16.783,38 "," 16.783,38 "," 16.783,38 ", -   , -   ," 167.833,80 ",200%," 16.783,38 "," 16.783,38 "," 16.783,38 "," 16.783,38 "," 16.783,38 "," 16.783,38 "," 16.783,38 "," 16.783,38 "," 16.783,38 "," 16.783,38 ", -   , -   
2022,1,INSTITUTO DE DESENVOLVIMENTO EDUCACIONAL DE BAGE LTDA,15905,17592423000140,FACULDADE IDEAU DE BAGÉ,13359,Faculdade ,RS,Bagé,UNIDADE SEDE,1041676,Bagé,RS,Campanha Meridional,43031,4306,Sudoeste Rio-grandense,CURSOS NAO PRIORITARIOS,"ADMINISTRAÇÃO, ADMINISTRAÇÃO PÚBLICA, GESTÃO, LOGÍSTICA, NEGÓCIOS E CURSOS RELACIONADOS",135824,"459,38",1055542,ADMINISTRAÇÃO,NOTURNO,Bacharelado,4,80,1,0,0," 58.483,29 "," 8.094,38 "," 8.094,38 "," 8.094,38 "," 6.840,03 "," 6.840,03 "," 6.840,03 "," 6.840,03 "," 6.840,03 ", -   , -   , -   , -   ," 38.851,99 ",100%," 4.856,63 "," 4.856,63 "," 4.856,63 "," 4.856,42 "," 4.856,42 "," 4.856,42 "," 4.856,42 "," 4.856,42 ", -   , -   , -   , -   
2022,1,UNIDADE DE ENSINO SUPERIOR VALE DO IGUACU S.A.,1191,3564489000112,CENTRO UNIVERSITÁRIO DO VALE DO IGUAÇU,1927,Centro Universitário,PR,União da Vitória,UNIDADE SEDE,695082,União da Vitória,PR,União da Vitória,41033,4109,Sudeste Paranaense,CURSOS NAO PRIORITARIOS,"AGRONOMIA, ZOOTECNIA, ENGENHARIA FLORESTAL E CURSOS RELACIONADOS",135260,"499,6",89782,AGRONOMIA,NOTURNO,Bacharelado,5,100,50,0,1," 109.045,00 "," 10.904,50 "," 10.904,50 "," 10.904,50 "," 10.904,50 "," 10.904,50 "," 10.904,50 "," 10.904,50 "," 10.904,50 "," 10.904,50 "," 10.904,50 ", -   , -   ," 90.507,30 ",100%," 9.050,73 "," 9.050,73 "," 9.050,73 "," 9.050,73 "," 9.050,73 "," 9.050,73 "," 9.050,73 "," 9.050,73 "," 9.050,73 "," 9.050,73 ", -   , -   
2022,1,ASSOCIACAO DE ENSINO E CULTURA DE MATO GROSSO DO SUL,625,1923317000162,FACULDADES INTEGRADAS DE TRÊS LAGOAS,1038,Faculdade ,MS,Três Lagoas,FACULDADES INTEGRADAS DE TRES LAGOAS - AEMS,658213,Três Lagoas,MS,Três Lagoas,50007,5003,Leste de Mato Grosso do Sul,CURSOS NAO PRIORITARIOS,"AGRONOMIA, ZOOTECNIA, ENGENHARIA FLORESTAL E CURSOS RELACIONADOS",135918,"477,94",1199580,AGRONOMIA,NOTURNO,Bacharelado,4,50,10,0,3," 111.000,00 "," 11.100,00 "," 11.100,00 "," 11.100,00 "," 11.100,00 "," 11.100,00 "," 11.100,00 "," 11.100,00 "," 11.100,00 "," 11.100,00 "," 11.100,00 ", -   , -   ," 58.800,00 ",200%," 5.880,00 "," 5.880,00 "," 5.880,00 "," 5.880,00 "," 5.880,00 "," 5.880,00 "," 5.880,00 "," 5.880,00 "," 5.880,00 "," 5.880,00 ", -   , -   
2022,1,UNIAO BRASILEIRA DE EDUCACAO LTDA,3438,7488169000181,Faculdade UNIRB - ARACAJU,5362,Faculdade ,SE,Aracaju,UNIRB-ARACAJU,1062824,Aracaju,SE,Aracaju,28011,2803,Leste Sergipano,CURSOS DA ÁREA DE ENGENHARIA E CIÊNCIA DA COMPUTAÇÃO,"ENGENHARIA MECÂNICA, AERONÁUTICA, NAVAL E CURSOS RELACIONADOS",132979,"485,74",1279798,SOLDAGEM,NOTURNO,Tecnológico,3,80,24,56,0," 58.128,00 "," 8.304,00 "," 8.304,00 "," 8.304,00 "," 8.304,00 "," 8.304,00 "," 8.304,00 "," 8.304,00 ", -   , -   , -   , -   , -   ," 58.128,00 ",800%," 8.304,00 "," 8.304,00 "," 8.304,00 "," 8.304,00 "," 8.304,00 "," 8.304,00 "," 8.304,00 ", -   , -   , -   , -   , -   
2022,1,FEBASP ASSOCIACAO CIVIL,118,62294053000110,CENTRO UNIVERSITÁRIO BELAS ARTES DE SÃO PAULO,162,Centro Universitário,SP,São Paulo,Campus Vila Mariana (Sede),657757,São Paulo,SP,São Paulo,35061,3515,Metropolitana de São Paulo,CURSOS NAO PRIORITARIOS,"DANÇA, TEOLOGIA, MÍDIAS SOCIAIS, DESIGN DE INTERIORES E CURSOS RELACIONADOS",134937,"679,96",4891,DESIGN DE INTERIORES,VESPERTINO,Bacharelado,4,60,24,3,0," 149.602,49 "," 15.047,12 "," 16.646,65 "," 16.646,65 "," 18.072,98 "," 18.072,98 "," 21.705,37 "," 21.705,37 "," 21.705,37 ", -   , -   , -   , -   ," 108.801,82 ",100%," 10.943,36 "," 12.106,66 "," 12.106,66 "," 13.143,99 "," 13.143,99 "," 15.785,72 "," 15.785,72 "," 15.785,72 ", -   , -   , -   , -   
2022,1,BRASIL EDUCACAO S/A,3052,5648257000178,Centro Universitário UNA de Contagem,4766,Centro Universitário,MG,Contagem,CAMPUS SEDE,1076231,Contagem,MG,Belo Horizonte,31030,3107,Metropolitana de Belo Horizonte,CURSOS NAO PRIORITARIOS,"ADMINISTRAÇÃO, ADMINISTRAÇÃO PÚBLICA, GESTÃO, LOGÍSTICA, NEGÓCIOS E CURSOS RELACIONADOS",133591,"541,16",1546181,GESTÃO PÚBLICA,NOTURNO,Tecnológico,Autorizado,60,15,0,0," 18.576,00 "," 4.644,00 "," 4.644,00 "," 4.644,00 "," 4.644,00 ", -   , -   , -   , -   , -   , -   , -   , -   ," 18.576,00 ",300%," 4.644,00 "," 4.644,00 "," 4.644,00 "," 4.644,00 ", -   , -   , -   , -   , -   , -   , -   , -   
2022,1,ANTARES EDUCACIONAL S.A.,121,34185306000181,UNIVERSIDADE VEIGA DE ALMEIDA,165,Universidade,RJ,Rio de Janeiro,Unidade SEDE,657759,Rio de Janeiro,RJ,Rio de Janeiro,33018,3306,Metropolitana do Rio de Janeiro,CURSOS DA ÁREA DE ENGENHARIA E CIÊNCIA DA COMPUTAÇÃO,CIÊNCIA DA COMPUTAÇÃO E SISTEMAS DE INFORMAÇÃO E CURSOS RELACIONADOS,134103,"524,14",5079,CIÊNCIA DA COMPUTAÇÃO,NOTURNO,Bacharelado,4,120,48,14,0," 103.392,18 "," 10.260,36 "," 10.927,28 "," 11.637,56 "," 12.394,00 "," 13.199,61 "," 14.057,58 "," 14.971,33 "," 15.944,46 ", -   , -   , -   , -   ," 103.392,18 ",200%," 10.260,36 "," 10.927,28 "," 11.637,56 "," 12.394,00 "," 13.199,61 "," 14.057,58 "," 14.971,33 "," 15.944,46 ", -   , -   , -   , -   
2022,1,CENTRO DE EDUCACAO DO PANTANAL LTDA - EPP,1920,5168856000194,Faculdade Estácio do Pantanal,2961,Faculdade ,MT,Cáceres,FAPAN,1050405,Cáceres,MT,Alto Pantanal,51018,5104,Centro-Sul Mato-grossense,CURSOS NAO PRIORITARIOS,"CIÊNCIAS BIOLÓGICAS (BEL), BIOMEDICINA, BIOTECNOLOGIA E CURSOS RELACIONADOS",136058,"655,14",1322360,BIOMEDICINA,NOTURNO,Bacharelado,Autorizado,100,25,75,1," 52.345,12 "," 5.639,42 "," 5.639,42 "," 6.203,37 "," 6.203,37 "," 6.823,70 "," 6.823,70 "," 7.506,07 "," 7.506,07 ", -   , -   , -   , -   ," 52.345,12 ",500%," 5.639,42 "," 5.639,42 "," 6.203,37 "," 6.203,37 "," 6.823,70 "," 6.823,70 "," 7.506,07 "," 7.506,07 ", -   , -   , -   , -   
2022,1,"TCC EDUCACAO, CIENCIA E CULTURA LTDA - EPP",1344,3338261000104,CENTRO UNIVERSITÁRIO VALE DO SALGADO,2043,Centro Universitário,CE,Icó,CAMPUS  - ICÓ - CENTRO,658956,Icó,CE,Iguatu,23026,2306,Centro-Sul Cearense,CURSOS NAO PRIORITARIOS,"CIÊNCIAS SOCIAIS, POLÍTICAS, ECONÔMICAS E CONTÁBEIS, PSICOLOGIA E SECRETARIADO",132414,"548,34",58885,CIÊNCIAS CONTÁBEIS,NOTURNO,Bacharelado,3,100,30,30,6," 42.588,24 "," 5.323,53 "," 5.323,53 "," 5.323,53 "," 5.323,53 "," 5.323,53 "," 5.323,53 "," 5.323,53 "," 5.323,53 ", -   , -   , -   , -   ," 38.329,36 ",250%," 4.791,17 "," 4.791,17 "," 4.791,17 "," 4.791,17 "," 4.791,17 "," 4.791,17 "," 4.791,17 "," 4.791,17 ", -   , -   , -   , -   
2022,1,VSTP EDUCACAO LTDA,14753,11319526000155,FIAP - Centro Universitário,852,Centro Universitário,SP,São Paulo,UNIDADE PAULISTA,1045358,São Paulo,SP,São Paulo,35061,3515,Metropolitana de São Paulo,CURSOS NAO PRIORITARIOS,"COMUNICAÇÃO, DESIGN, AUDIO VISUAL E CURSOS RELACIONADOS",134924,"555,74",1364467,PRODUÇÃO MULTIMÍDIA,MATUTINO,Tecnológico,5,160,80,0,2," 47.220,00 "," 11.850,00 "," 11.850,00 "," 11.760,00 "," 11.760,00 ", -   , -   , -   , -   , -   , -   , -   , -   ," 38.700,00 ",200%," 9.720,00 "," 9.720,00 "," 9.630,00 "," 9.630,00 ", -   , -   , -   , -   , -   , -   , -   , -   
2022,1,CENTRO EDUCACIONAL DE ENSINO SUPERIOR DE PATOS LTDA,16265,19768173000182,CENTRO UNIVERSITÁRIO DE PATOS,3304,Centro Universitário,PB,Patos,Unidade SEDE,659444,Patos,PB,Patos,25004,2501,SertÒo Paraibano,CURSOS DA ÁREA DE ENGENHARIA E CIÊNCIA DA COMPUTAÇÃO,"ENGENHARIA CIVIL E AMBIENTAL, ARQUITETURA E CURSOS RELACIONADOS",132567,"472,52",1184297,ARQUITETURA E URBANISMO,MATUTINO,Bacharelado,4,40,16,5,4," 96.000,00 "," 9.600,00 "," 9.600,00 "," 9.600,00 "," 9.600,00 "," 9.600,00 "," 9.600,00 "," 9.600,00 "," 9.600,00 "," 9.600,00 "," 9.600,00 ", -   , -   ," 93.120,00 ",100%," 9.312,00 "," 9.312,00 "," 9.312,00 "," 9.312,00 "," 9.312,00 "," 9.312,00 "," 9.312,00 "," 9.312,00 "," 9.312,00 "," 9.312,00 ", -   , -   
2022,1,SOCIEDADE DE ENSINO SUPERIOR TOLEDO LTDA.,85,43767540000108,Centro Universitário Toledo Wyden,1418,Centro Universitário,SP,Araçatuba,ARAÇATUBA,658465,Araçatuba,SP,Araçatuba,35017,3503,Araþatuba,CURSOS NAO PRIORITARIOS,"ESTÉTICA E COSMÉTICA, GESTÃO DO ESPORTE E CURSOS RELACIONADOS",134350,"460,92",1360233,ESTÉTICA E COSMÉTICA,MATUTINO,Tecnológico,4,50,20,30,0," 20.013,55 "," 3.699,36 "," 3.699,36 "," 4.069,30 "," 4.069,30 "," 4.476,23 ", -   , -   , -   , -   , -   , -   , -   ," 20.013,55 ",500%," 3.699,36 "," 3.699,36 "," 4.069,30 "," 4.069,30 "," 4.476,23 ", -   , -   , -   , -   , -   , -   , -   
2022,1,SET SOCIEDADE CIVIL EDUCACIONAL TUIUTI LIMITADA,248,76590249000166,UNIVERSIDADE TUIUTI DO PARANÁ,355,Universidade,PR,Curitiba,UNIDADE SEDE,657850,Curitiba,PR,Curitiba,41037,4110,Metropolitana de Curitiba,CURSOS NAO PRIORITARIOS,"ADMINISTRAÇÃO, ADMINISTRAÇÃO PÚBLICA, GESTÃO, LOGÍSTICA, NEGÓCIOS E CURSOS RELACIONADOS",135328,"567,9",64300,ADMINISTRAÇÃO,NOTURNO,Bacharelado,4,250,100,0,0," 40.128,00 "," 5.016,00 "," 5.016,00 "," 5.016,00 "," 5.016,00 "," 5.016,00 "," 5.016,00 "," 5.016,00 "," 5.016,00 ", -   , -   , -   , -   ," 38.121,60 ",200%," 4.765,20 "," 4.765,20 "," 4.765,20 "," 4.765,20 "," 4.765,20 "," 4.765,20 "," 4.765,20 "," 4.765,20 ", -   , -   , -   , -   
2022,1,ASSUPERO ENSINO SUPERIOR LTDA.,2415,6099229000101,UNIVERSIDADE PAULISTA,322,Universidade,SP,São Paulo,CAMPUS XI - TATUAPÉ,695414,São Paulo,SP,São Paulo,35061,3515,Metropolitana de São Paulo,CURSOS NAO PRIORITARIOS,"HOTELARIA E TURISMO, GASTRONOMIA E CURSOS RELACIONADOS",134970,"460,1",66543,TURISMO,NOTURNO,Bacharelado,3,115,34,81,0," 30.370,38 "," 4.338,06 "," 5.577,06 "," 5.577,06 "," 5.577,06 "," 5.577,06 "," 3.724,08 ", -   , -   , -   , -   , -   , -   ," 26.341,38 ",250%," 3.036,64 "," 5.186,67 "," 5.186,67 "," 5.186,67 "," 5.019,35 "," 2.725,38 ", -   , -   , -   , -   , -   , -   
2022,1,FUNDACAO SANTO ANDRE,149,57538696000121,CENTRO UNIVERSITÁRIO FUNDAÇÃO SANTO ANDRÉ,2183,Centro Universitário,SP,Santo André,Santo André-PRÍNCIPE DE GALES,659028,Santo André,SP,São Paulo,35061,3515,Metropolitana de São Paulo,CURSOS DA ÁREA DE ENGENHARIA E CIÊNCIA DA COMPUTAÇÃO,CIÊNCIA DA COMPUTAÇÃO E SISTEMAS DE INFORMAÇÃO E CURSOS RELACIONADOS,134883,"451,98",60743,SISTEMAS DE INFORMAÇÃO,NOTURNO,Bacharelado,5,70,5,65,1," 43.383,30 "," 5.554,14 "," 5.658,42 "," 5.658,42 "," 5.349,78 "," 5.349,78 "," 5.349,78 "," 5.349,78 "," 5.113,20 ", -   , -   , -   , -   ," 39.912,65 ",100%," 5.109,81 "," 5.205,75 "," 5.205,75 "," 4.921,80 "," 4.921,80 "," 4.921,80 "," 4.921,80 "," 4.704,14 ", -   , -   , -   , -   
2022,1,UNIDADE REGIONAL BRASILEIRA DE EDUCACAO LTDA,16248,15121017000174,FACULDADE UNIRB - ALAGOAS,1956,Faculdade ,AL,Maceió,UNIRB MACEIO NOVA SEDE,1078017,Maceió,AL,Maceió,27011,2703,Leste Alagoano,CURSOS NAO PRIORITARIOS,"DIREITO, COMÉRCIO EXTERIOR, BIBLIOTECONOMIA E CURSOS RELACIONADOS",132934,"592,1",1441070,DIREITO,NOTURNO,Bacharelado,4,100,40,60,0," 93.060,00 "," 9.306,00 "," 9.306,00 "," 9.306,00 "," 9.306,00 "," 9.306,00 "," 9.306,00 "," 9.306,00 "," 9.306,00 "," 9.306,00 "," 9.306,00 ", -   , -   ," 93.060,00 ",800%," 9.306,00 "," 9.306,00 "," 9.306,00 "," 9.306,00 "," 9.306,00 "," 9.306,00 "," 9.306,00 "," 9.306,00 "," 9.306,00 "," 9.306,00 ", -   , -   
2022,1,FUNDACAO CULTURAL DE ARAXA,78,17806696000140,CENTRO UNIVERSITÁRIO DO PLANALTO DE ARAXÁ,1575,Centro Universitário,MG,Araxá,CAMPUS  - ARAXÁ - SÃO GERALDO,658592,Araxá,MG,Araxá,31023,3105,Triângulo Mineiro/Alto Paranaíba,CURSOS DA AREA DE SAUDE,"ENFERMAGEM, FISIOTERAPIA, FARMÁCIA, NUTRIÇÃO E CURSOS RELACIONADOS",133444,"451,28",65867,ENFERMAGEM,NOTURNO,Bacharelado,5,40,12,0,0," 13.783,27 "," 1.325,26 "," 1.325,26 "," 1.325,26 "," 1.325,26 "," 1.325,26 "," 1.325,26 "," 1.325,26 "," 1.429,19 "," 1.538,63 "," 1.538,63 ", -   , -   ," 13.783,27 ",2%," 1.325,26 "," 1.325,26 "," 1.325,26 "," 1.325,26 "," 1.325,26 "," 1.325,26 "," 1.325,26 "," 1.429,19 "," 1.538,63 "," 1.538,63 ", -   , -   
2022,1,"IREP SOCIEDADE DE ENSINO SUPERIOR, MEDIO E FUNDAMENTAL LTDA.",545,2608755000107,Centro Universitário Estácio do Recife,1077,Centro Universitário,PE,Recife,ABDIAS DE CARVALHO,658241,Recife,PE,Recife,26017,2605,Metropolitana de Recife,CURSOS NAO PRIORITARIOS,"DANÇA, TEOLOGIA, MÍDIAS SOCIAIS, DESIGN DE INTERIORES E CURSOS RELACIONADOS",132843,"519,16",1496492,DESIGN DE INTERIORES,NOTURNO,Tecnológico,Autorizado,25,6,18,0," 23.035,10 "," 3.599,23 "," 3.599,23 "," 3.959,16 "," 3.959,16 "," 3.959,16 "," 3.959,16 ", -   , -   , -   , -   , -   , -   ," 23.035,10 ",500%," 3.599,23 "," 3.599,23 "," 3.959,16 "," 3.959,16 "," 3.959,16 "," 3.959,16 ", -   , -   , -   , -   , -   , -   
2022,1,SOCIEDADE DE ENSINO SUPERIOR DO NORDESTE DA BAHIA LTDA - ME,14498,7999769000104,FACULDADE DO NORDESTE DA BAHIA,14975,Faculdade ,BA,Coronel João Sá,CAMPUS PRINCIPAL,1047880,Coronel João Sá,BA,Jeremoabo,29013,2904,Nordeste Baiano,"CURSOS DA ÁREA DE LICENCIATURA, PEDAGOGIA E NORMAL SUPERIOR","HISTÓRIA (LIC), GEOGRAFIA (LIC), EDUCAÇÃO FÍSICA (LIC) E CURSOS RELACIONADOS",133159,"538,04",1365385,EDUCAÇÃO FÍSICA,NOTURNO,Licenciatura,3,50,15,35,0," 40.896,00 "," 5.112,00 "," 5.112,00 "," 5.112,00 "," 5.112,00 "," 5.112,00 "," 5.112,00 "," 5.112,00 "," 5.112,00 ", -   , -   , -   , -   ," 40.896,00 ",100%," 5.112,00 "," 5.112,00 "," 5.112,00 "," 5.112,00 "," 5.112,00 "," 5.112,00 "," 5.112,00 "," 5.112,00 ", -   , -   , -   , -   
2022,1,UNIFAMA - UNIAO DAS FACULDADES DE MATO GROSSO LTDA,17217,29095183000158,FACULDADE DE GUARANTÃ DO NORTE,1374,Faculdade ,MT,Guarantã do Norte,UNIDADE SEDE,658435,Guarantã do Norte,MT,Colíder,51003,5101,Norte Mato-grossense,CURSOS NAO PRIORITARIOS,"AGRONOMIA, ZOOTECNIA, ENGENHARIA FLORESTAL E CURSOS RELACIONADOS",135970,"485,92",1385209,ENGENHARIA AGRONÔMICA,NOTURNO,Bacharelado,5,60,30,15,0," 84.000,00 "," 8.400,00 "," 8.400,00 "," 8.400,00 "," 8.400,00 "," 8.400,00 "," 8.400,00 "," 8.400,00 "," 8.400,00 "," 8.400,00 "," 8.400,00 ", -   , -   ," 79.800,00 ",100%," 7.980,00 "," 7.980,00 "," 7.980,00 "," 7.980,00 "," 7.980,00 "," 7.980,00 "," 7.980,00 "," 7.980,00 "," 7.980,00 "," 7.980,00 ", -   , -   
2022,1,SOCIEDADE DE ENSINO SUPERIOR ESTACIO DE SA LTDA,119,34075739000184,UNIVERSIDADE ESTÁCIO DE SÁ,163,Universidade,RJ,Rio de Janeiro,NITERÓI II,1052443,Niterói,RJ,Rio de Janeiro,33018,3306,Metropolitana do Rio de Janeiro,CURSOS NAO PRIORITARIOS,"DANÇA, TEOLOGIA, MÍDIAS SOCIAIS, DESIGN DE INTERIORES E CURSOS RELACIONADOS",134152,"460,08",90539,DESIGN DE INTERIORES,MATUTINO,Tecnológico,4,30,12,0,0," 30.205,94 "," 5.699,23 "," 5.699,23 "," 6.269,16 "," 6.269,16 "," 6.269,16 ", -   , -   , -   , -   , -   , -   , -   ," 30.205,94 ",500%," 5.699,23 "," 5.699,23 "," 6.269,16 "," 6.269,16 "," 6.269,16 ", -   , -   , -   , -   , -   , -   , -   
2022,1,IESST - INSTITUTO DE ENSINO SUPERIOR SOCIAL E TECNOLOGICO,1086,3316456000153,CENTRO UNIVERSITÁRIO ESTÁCIO DE BRASÍLIA - ESTÁCIO BRASÍLIA,1660,Centro Universitário,DF,Brasília,TAGUATINGA,658661,Brasília,DF,Brasília,53001,5301,Distrito Federal,CURSOS DA ÁREA DE ENGENHARIA E CIÊNCIA DA COMPUTAÇÃO,"ENGENHARIA CIVIL E AMBIENTAL, ARQUITETURA E CURSOS RELACIONADOS",136276,"457,52",1314211,ENGENHARIA CIVIL,NOTURNO,Bacharelado,5,100,49,50,2," 70.324,18 "," 5.759,46 "," 5.759,46 "," 6.335,41 "," 6.335,41 "," 6.968,95 "," 6.968,95 "," 7.665,84 "," 7.665,84 "," 8.432,43 "," 8.432,43 ", -   , -   ," 70.324,18 ",500%," 5.759,46 "," 5.759,46 "," 6.335,41 "," 6.335,41 "," 6.968,95 "," 6.968,95 "," 7.665,84 "," 7.665,84 "," 8.432,43 "," 8.432,43 ", -   , -   
2022,1,UNIAO BRASILEIRA DE EDUCACAO LTDA,3438,7488169000181,Faculdade UNIRB - ARACAJU,5362,Faculdade ,SE,Aracaju,UNIRB-ARACAJU,1062824,Aracaju,SE,Aracaju,28011,2803,Leste Sergipano,CURSOS DA ÁREA DE ENGENHARIA E CIÊNCIA DA COMPUTAÇÃO,CIÊNCIA DA COMPUTAÇÃO E SISTEMAS DE INFORMAÇÃO E CURSOS RELACIONADOS,132974,"464,16",1405425,DEFESA CIBERNÉTICA,MATUTINO,Tecnológico,4,100,40,60,0," 25.956,00 "," 4.326,00 "," 4.326,00 "," 4.326,00 "," 4.326,00 "," 4.326,00 "," 4.326,00 ", -   , -   , -   , -   , -   , -   ," 25.956,00 ",800%," 4.326,00 "," 4.326,00 "," 4.326,00 "," 4.326,00 "," 4.326,00 "," 4.326,00 ", -   , -   , -   , -   , -   , -   
2022,1,IUNI EDUCACIONAL - UNIME SALVADOR LTDA,1965,3395289000183,FACULDADE DELTA,3034,Faculdade ,BA,Salvador,Campus II - Paralela,1061025,Salvador,BA,Salvador,29021,2905,Metropolitana de Salvador,CURSOS DA ÁREA DE ENGENHARIA E CIÊNCIA DA COMPUTAÇÃO,"ENGENHARIA CIVIL E AMBIENTAL, ARQUITETURA E CURSOS RELACIONADOS",133219,"560,04",1259889,ARQUITETURA E URBANISMO,NOTURNO,Bacharelado,4,60,24,36,1," 101.534,40 "," 8.667,84 "," 10.382,16 "," 9.708,00 "," 9.671,94 "," 10.544,88 "," 8.838,60 "," 8.773,08 "," 10.578,60 "," 11.445,78 "," 12.923,52 ", -   , -   ," 61.705,68 ",125%," 4.854,00 "," 5.814,00 "," 5.436,48 "," 5.416,26 "," 5.744,04 "," 4.345,32 "," 6.208,08 "," 7.106,46 "," 8.099,34 "," 8.681,70 ", -   , -   
2022,1,"FUNDACAO DE INTEGRACAO, DESENVOLVIMENTO E EDUCACAO DO NOROESTE DO ESTADO DO RIO GRANDE DO SUL - FIDENE",370,90738014000108,UNIVERSIDADE REGIONAL DO NOROESTE DO ESTADO DO RIO GRANDE DO SUL,532,Universidade,RS,Ijuí,CAMPUS IJUÍ II,657956,Ijuí,RS,Ijuí,43008,4301,Noroeste Rio-grandense,CURSOS DA ÁREA DE ENGENHARIA E CIÊNCIA DA COMPUTAÇÃO,"ENGENHARIA ELÉTRICA, ELETRÔNICA, DA COMPUTAÇÃO E CURSOS RELACIONADOS",135587,"491,48",10982,ENGENHARIA ELÉTRICA,NOTURNO,Bacharelado,5,145,10,0,1," 86.250,00 "," 8.625,00 "," 8.625,00 "," 8.625,00 "," 8.625,00 "," 8.625,00 "," 8.625,00 "," 8.625,00 "," 8.625,00 "," 8.625,00 "," 8.625,00 ", -   , -   ," 85.387,50 ",100%," 8.538,75 "," 8.538,75 "," 8.538,75 "," 8.538,75 "," 8.538,75 "," 8.538,75 "," 8.538,75 "," 8.538,75 "," 8.538,75 "," 8.538,75 ", -   , -   
2022,1,ASSOCIACAO APARECIDENSE DE EDUCACAO,1032,1460690000124,FACULDADE ALFREDO NASSER DE REMANSO,11862,Faculdade ,BA,Remanso,UNIDADE CAMPUS - IMÓVEL PRÓPRIO,1048049,Remanso,BA,Juazeiro,29004,2902,Vale São-Franciscano da Bahia,"CURSOS DA ÁREA DE LICENCIATURA, PEDAGOGIA E NORMAL SUPERIOR",PEDAGOGIA,133064,"490,16",1135960,PEDAGOGIA,NOTURNO,Licenciatura,4,120,10,5,0," 29.808,00 "," 3.726,00 "," 3.726,00 "," 3.726,00 "," 3.726,00 "," 3.726,00 "," 3.726,00 "," 3.726,00 "," 3.726,00 ", -   , -   , -   , -   ," 21.386,40 ",100%," 2.673,30 "," 2.673,30 "," 2.673,30 "," 2.673,30 "," 2.673,30 "," 2.673,30 "," 2.673,30 "," 2.673,30 ", -   , -   , -   , -   
2022,1,ANHANGUERA EDUCACIONAL PARTICIPACOES S/A,16452,4310392000146,CENTRO UNIVERSITÁRIO ANHANGÜERA,1045,Centro Universitário,SP,Leme,CAMPUS  - LEME - CIDADE JARDIM,658217,Leme,SP,Limeira,35027,3506,Piracicaba,"CURSOS DA ÁREA DE LICENCIATURA, PEDAGOGIA E NORMAL SUPERIOR","HISTÓRIA (LIC), GEOGRAFIA (LIC), EDUCAÇÃO FÍSICA (LIC) E CURSOS RELACIONADOS",134452,"508,92",352543,EDUCAÇÃO FÍSICA,NOTURNO,Bacharelado,4,80,32,48,0," 48.674,88 "," 6.084,36 "," 6.084,36 "," 6.084,36 "," 6.084,36 "," 6.084,36 "," 6.084,36 "," 6.084,36 "," 6.084,36 ", -   , -   , -   , -   ," 30.190,08 ",125%," 3.773,76 "," 3.773,76 "," 3.773,76 "," 3.773,76 "," 3.773,76 "," 3.773,76 "," 3.773,76 "," 3.773,76 ", -   , -   , -   , -   
2022,1,CENTRO DE ENSINO SUPERIOR NILTON LINS,441,4803904000106,UNIVERSIDADE NILTON LINS,669,Universidade,AM,Manaus,UNINILTON LINS,658021,Manaus,AM,Manaus,13007,1303,Centro Amazonense,"CURSOS DA ÁREA DE LICENCIATURA, PEDAGOGIA E NORMAL SUPERIOR","HISTÓRIA (LIC), GEOGRAFIA (LIC), EDUCAÇÃO FÍSICA (LIC) E CURSOS RELACIONADOS",131716,"546,54",1438387,EDUCAÇÃO FÍSICA,NOTURNO,Bacharelado,Autorizado,100,25,0,0," 61.106,40 "," 7.638,30 "," 7.638,30 "," 7.638,30 "," 7.638,30 "," 7.638,30 "," 7.638,30 "," 7.638,30 "," 7.638,30 ", -   , -   , -   , -   ," 51.940,48 ",100%," 6.492,56 "," 6.492,56 "," 6.492,56 "," 6.492,56 "," 6.492,56 "," 6.492,56 "," 6.492,56 "," 6.492,56 ", -   , -   , -   , -   
2022,1,SOCIEDADE DE ENSINO SUPERIOR ESTACIO DE SA LTDA,119,34075739000184,UNIVERSIDADE ESTÁCIO DE SÁ,163,Universidade,RJ,Rio de Janeiro,R9 - TAQUARA,1814,Rio de Janeiro,RJ,Rio de Janeiro,33018,3306,Metropolitana do Rio de Janeiro,CURSOS NAO PRIORITARIOS,"DIREITO, COMÉRCIO EXTERIOR, BIBLIOTECONOMIA E CURSOS RELACIONADOS",134160,"541,6",111464,DIREITO,NOTURNO,Bacharelado,5,44,22,0,1," 115.024,32 "," 9.420,35 "," 9.420,35 "," 10.362,38 "," 10.362,38 "," 11.398,62 "," 11.398,62 "," 12.538,48 "," 12.538,48 "," 13.792,33 "," 13.792,33 ", -   , -   ," 115.024,32 ",500%," 9.420,35 "," 9.420,35 "," 10.362,38 "," 10.362,38 "," 11.398,62 "," 11.398,62 "," 12.538,48 "," 12.538,48 "," 13.792,33 "," 13.792,33 ", -   , -   
2022,1,FUNDACAO COMUNITARIA TRICORDIANA DE EDUCACAO,27,25872854000199,UNIVERSIDADE VALE DO RIO VERDE,27,Universidade,MG,Três Corações,CAMPUS BELO HORIZONTE,1082144,Belo Horizonte,MG,Belo Horizonte,31030,3107,Metropolitana de Belo Horizonte,CURSOS DA AREA DE SAUDE,"ODONTOLOGIA, QUIROPRAXIA, FÍSICA MÉDICA E NATUROLOGIA",133528,"603,46",63696,ODONTOLOGIA,NOTURNO,Bacharelado,4,40,16,24,0," 168.480,60 "," 16.848,06 "," 16.848,06 "," 16.848,06 "," 16.848,06 "," 16.848,06 "," 16.848,06 "," 16.848,06 "," 16.848,06 "," 16.848,06 "," 16.848,06 ", -   , -   ," 143.208,50 ",100%," 14.320,85 "," 14.320,85 "," 14.320,85 "," 14.320,85 "," 14.320,85 "," 14.320,85 "," 14.320,85 "," 14.320,85 "," 14.320,85 "," 14.320,85 ", -   , -   
2022,1,INSTITUTO CAMPINENSE DE ENSINO SUPERIOR LTDA,2447,5933016000170,UNIVERSIDADE DA AMAZÔNIA,383,Universidade,PA,Belém,UNAMA - Campus Sede,657865,Belém,PA,Belém,15007,1503,Metropolitana de Belém,CURSOS NAO PRIORITARIOS,"CIÊNCIAS BIOLÓGICAS (BEL), BIOMEDICINA, BIOTECNOLOGIA E CURSOS RELACIONADOS",131879,"587,08",1313826,BIOMEDICINA,NOTURNO,Bacharelado,3,360,108,0,3," 83.266,56 "," 10.408,32 "," 10.408,32 "," 10.408,32 "," 10.408,32 "," 10.408,32 "," 10.408,32 "," 10.408,32 "," 10.408,32 ", -   , -   , -   , -   ," 33.306,64 ",160%," 4.163,33 "," 4.163,33 "," 4.163,33 "," 4.163,33 "," 4.163,33 "," 4.163,33 "," 4.163,33 "," 4.163,33 ", -   , -   , -   , -   
2022,1,INSTITUTO BRASILIENSE DE DIREITO PUBLICO IDP LTDA,3552,2474172000122,"Instituto Brasileiro de Ensino, Desenvolvimento e Pesquisa de Brasília",12247,Faculdade ,DF,Brasília,Unidade SEDE,137590,Brasília,DF,Brasília,53001,5301,Distrito Federal,CURSOS NAO PRIORITARIOS,"DIREITO, COMÉRCIO EXTERIOR, BIBLIOTECONOMIA E CURSOS RELACIONADOS",136304,"608,1",1057767,DIREITO,MATUTINO,Bacharelado,5,200,80,120,5," 167.400,00 "," 16.740,00 "," 16.740,00 "," 16.740,00 "," 16.740,00 "," 16.740,00 "," 16.740,00 "," 16.740,00 "," 16.740,00 "," 16.740,00 "," 16.740,00 ", -   , -   ," 167.400,00 ",100%," 16.740,00 "," 16.740,00 "," 16.740,00 "," 16.740,00 "," 16.740,00 "," 16.740,00 "," 16.740,00 "," 16.740,00 "," 16.740,00 "," 16.740,00 ", -   , -   
2022,1,SEIM - SOCIEDADE EDUCACIONAL IRMAOS MUNIZ LTDA,17160,21351598000133,FACULDADE KENNEDY DE MINAS GERAIS - FKMG,2311,Faculdade ,MG,Belo Horizonte,UNIDADE PRADO,1096654,Belo Horizonte,MG,Belo Horizonte,31030,3107,Metropolitana de Belo Horizonte,CURSOS NAO PRIORITARIOS,MEDICINA VETERINÁRIA,133600,"559,02",1349831,MEDICINA VETERINÁRIA,MATUTINO,Bacharelado,3,50,15,35,5," 237.024,60 "," 23.702,46 "," 23.702,46 "," 23.702,46 "," 23.702,46 "," 23.702,46 "," 23.702,46 "," 23.702,46 "," 23.702,46 "," 23.702,46 "," 23.702,46 ", -   , -   ," 237.024,60 ","999,99%"," 23.702,46 "," 23.702,46 "," 23.702,46 "," 23.702,46 "," 23.702,46 "," 23.702,46 "," 23.702,46 "," 23.702,46 "," 23.702,46 "," 23.702,46 ", -   , -   
2022,1,AMC - SERVICOS EDUCACIONAIS LTDA,143,43045772000152,UNIVERSIDADE SÃO JUDAS TADEU,203,Universidade,SP,São Paulo,Unidade Santo Amaro,1082210,São Paulo,SP,São Paulo,35061,3515,Metropolitana de São Paulo,CURSOS NAO PRIORITARIOS,"CIÊNCIAS SOCIAIS, POLÍTICAS, ECONÔMICAS E CONTÁBEIS, PSICOLOGIA E SECRETARIADO",134947,"589,06",1420138,CIÊNCIAS ECONÔMICAS,NOTURNO,Bacharelado,Autorizado,90,22,0,0," 76.416,00 "," 9.552,00 "," 9.552,00 "," 9.552,00 "," 9.552,00 "," 9.552,00 "," 9.552,00 "," 9.552,00 "," 9.552,00 ", -   , -   , -   , -   ," 76.416,00 ",300%," 9.552,00 "," 9.552,00 "," 9.552,00 "," 9.552,00 "," 9.552,00 "," 9.552,00 "," 9.552,00 "," 9.552,00 ", -   , -   , -   , -   
2022,1,ATHON ENSINO SUPERIOR LTDA,1025,3363565000121,FACULDADE ESAMC SOROCABA,1561,Faculdade ,SP,Sorocaba,CAMPUS - SOROCABA - CENTRO,658580,Sorocaba,SP,Sorocaba,35046,3512,Macro Metropolitana Paulista,CURSOS NAO PRIORITARIOS,"DIREITO, COMÉRCIO EXTERIOR, BIBLIOTECONOMIA E CURSOS RELACIONADOS",134755,"564,7",95983,DIREITO,NOTURNO,Bacharelado,4,80,32,48,1," 81.480,00 "," 6.798,00 "," 6.798,00 "," 6.798,00 "," 6.798,00 "," 6.798,00 "," 9.498,00 "," 9.498,00 "," 9.498,00 "," 9.498,00 "," 9.498,00 ", -   , -   ," 70.050,00 ",200%," 5.438,40 "," 5.438,40 "," 5.438,40 "," 5.438,40 "," 5.438,40 "," 8.310,00 "," 8.310,00 "," 8.574,00 "," 8.574,00 "," 9.090,00 ", -   , -   
2022,1,INSTITUTO DE EDUCACAO SUPERIOR DO VALE DO PARNAIBA S.A.,15617,13783222000170,"FACULDADE DE CIÊNCIAS HUMANAS,EXATAS E DA SAÚDE DO PIAUÍ",17565,Faculdade ,PI,Parnaíba,"Campus Principal / FAHESP- Faculdade de Ciências Humanas, Exatas e da Saúde do Piauí",1058212,Parnaíba,PI,Litoral Piauiense,22002,2201,Norte Piauiense,CURSOS DA AREA DE SAUDE,MEDICINA,132170,"770,54",1180318,MEDICINA,INTEGRAL,Bacharelado,4,80,7,0,5," 687.622,08 "," 57.492,84 "," 57.492,84 "," 57.492,84 "," 57.492,84 "," 57.492,84 "," 57.492,84 "," 57.492,84 "," 57.492,84 "," 57.492,84 "," 57.492,84 "," 57.492,84 "," 55.200,84 "," 687.622,08 ",200%," 57.492,84 "," 57.492,84 "," 57.492,84 "," 57.492,84 "," 57.492,84 "," 57.492,84 "," 57.492,84 "," 57.492,84 "," 57.492,84 "," 57.492,84 "," 57.492,84 "," 55.200,84 "
2022,1,AMC - SERVICOS EDUCACIONAIS LTDA,143,43045772000152,UNIVERSIDADE SÃO JUDAS TADEU,203,Universidade,SP,São Paulo,Campus Paulista,1082211,São Paulo,SP,São Paulo,35061,3515,Metropolitana de São Paulo,CURSOS NAO PRIORITARIOS,"COMUNICAÇÃO SOCIAL, JORNALISMO, PUBLICIDADE, MARKETING E CURSOS RELACIONADOS",134939,"614,42",1420164,PUBLICIDADE E PROPAGANDA,MATUTINO,Bacharelado,Autorizado,90,22,0,0," 87.840,00 "," 10.980,00 "," 10.980,00 "," 10.980,00 "," 10.980,00 "," 10.980,00 "," 10.980,00 "," 10.980,00 "," 10.980,00 ", -   , -   , -   , -   ," 87.840,00 ",300%," 10.980,00 "," 10.980,00 "," 10.980,00 "," 10.980,00 "," 10.980,00 "," 10.980,00 "," 10.980,00 "," 10.980,00 ", -   , -   , -   , -   
2022,1,SOCIEDADE DE ENSINO SUPERIOR ESTACIO AMAZONAS LTDA,2683,3754112000126,FACULDADE ESTÁCIO DO AMAZONAS - ESTÁCIO AMAZONAS,4277,Faculdade ,AM,Manaus,CONSTANTINO NERY,137331,Manaus,AM,Manaus,13007,1303,Centro Amazonense,CURSOS DA AREA DE SAUDE,"ENFERMAGEM, FISIOTERAPIA, FARMÁCIA, NUTRIÇÃO E CURSOS RELACIONADOS",131689,"527,24",104252,ENFERMAGEM,VESPERTINO,Bacharelado,4,50,20,30,1," 57.867,56 "," 4.739,28 "," 4.739,28 "," 5.213,21 "," 5.213,21 "," 5.734,53 "," 5.734,53 "," 6.307,98 "," 6.307,98 "," 6.938,78 "," 6.938,78 ", -   , -   ," 57.867,56 ",500%," 4.739,28 "," 4.739,28 "," 5.213,21 "," 5.213,21 "," 5.734,53 "," 5.734,53 "," 6.307,98 "," 6.307,98 "," 6.938,78 "," 6.938,78 ", -   , -   
2022,1,ESCOLA TECNOLOGICA DE CURITIBA LTDA - EPP,2573,4972854000190,FACULDADE DE TECNOLOGIA DE CURITIBA,4093,Faculdade ,PR,Curitiba,SEDE,659753,Curitiba,PR,Curitiba,41037,4110,Metropolitana de Curitiba,CURSOS NAO PRIORITARIOS,"AGRONOMIA, ZOOTECNIA, ENGENHARIA FLORESTAL E CURSOS RELACIONADOS",135338,"530,82",1441059,ENGENHARIA AGRONÔMICA,MATUTINO,Bacharelado,4,30,12,0,0," 99.391,80 "," 9.939,18 "," 9.939,18 "," 9.939,18 "," 9.939,18 "," 9.939,18 "," 9.939,18 "," 9.939,18 "," 9.939,18 "," 9.939,18 "," 9.939,18 ", -   , -   ," 89.452,60 ",100%," 8.945,26 "," 8.945,26 "," 8.945,26 "," 8.945,26 "," 8.945,26 "," 8.945,26 "," 8.945,26 "," 8.945,26 "," 8.945,26 "," 8.945,26 ", -   , -   
2022,1,UNIDADE REGIONAL BRASILEIRA DE EDUCACAO LTDA,16248,15121017000174,Faculdade UNIRB - NATAL,15428,Faculdade ,RN,Natal,SEDE NOVA - BARRO VERMELHO,1115593,Natal,RN,Natal,24018,2404,Leste Potiguar,CURSOS DA ÁREA DE ENGENHARIA E CIÊNCIA DA COMPUTAÇÃO,"ENGENHARIA MECÂNICA, AERONÁUTICA, NAVAL E CURSOS RELACIONADOS",132516,"558,46",1364461,ENGENHARIA MECÂNICA,MATUTINO,Bacharelado,3,75,22,53,0," 127.380,00 "," 12.738,00 "," 12.738,00 "," 12.738,00 "," 12.738,00 "," 12.738,00 "," 12.738,00 "," 12.738,00 "," 12.738,00 "," 12.738,00 "," 12.738,00 ", -   , -   ," 127.380,00 ",800%," 12.738,00 "," 12.738,00 "," 12.738,00 "," 12.738,00 "," 12.738,00 "," 12.738,00 "," 12.738,00 "," 12.738,00 "," 12.738,00 "," 12.738,00 ", -   , -   
2022,1,INSTITUTO ADVENTISTA DE ENSINO,144,43586056000182,CENTRO UNIVERSITÁRIO ADVENTISTA DE SÃO PAULO,1365,Centro Universitário,SP,São Paulo,UNASP CAMPUS ENGENHEIRO COELHO,673,Engenheiro Coelho,SP,Moji Mirim,35031,3507,Campinas,CURSOS DA ÁREA DE ENGENHARIA E CIÊNCIA DA COMPUTAÇÃO,"ENGENHARIA CIVIL E AMBIENTAL, ARQUITETURA E CURSOS RELACIONADOS",134507,"605,86",1258945,ARQUITETURA E URBANISMO,MATUTINO,Bacharelado,4,68,1,0,1," 65.940,00 "," 6.594,00 "," 6.594,00 "," 6.594,00 "," 6.594,00 "," 6.594,00 "," 6.594,00 "," 6.594,00 "," 6.594,00 "," 6.594,00 "," 6.594,00 ", -   , -   ," 65.940,00 ",150%," 6.594,00 "," 6.594,00 "," 6.594,00 "," 6.594,00 "," 6.594,00 "," 6.594,00 "," 6.594,00 "," 6.594,00 "," 6.594,00 "," 6.594,00 ", -   , -   
2022,1,"IREP SOCIEDADE DE ENSINO SUPERIOR, MEDIO E FUNDAMENTAL LTDA.",545,2608755000107,Centro Universitário Estácio da Bahia,1058,Centro Universitário,BA,Salvador,FRATELLI VITA,149637,Salvador,BA,Salvador,29021,2905,Metropolitana de Salvador,CURSOS DA AREA DE SAUDE,"ENFERMAGEM, FISIOTERAPIA, FARMÁCIA, NUTRIÇÃO E CURSOS RELACIONADOS",133193,"562,12",1288733,ENFERMAGEM,MATUTINO,Bacharelado,3,100,30,70,2," 62.261,48 "," 5.099,14 "," 5.099,14 "," 5.609,05 "," 5.609,05 "," 6.169,95 "," 6.169,95 "," 6.786,95 "," 6.786,95 "," 7.465,65 "," 7.465,65 ", -   , -   ," 62.261,48 ",500%," 5.099,14 "," 5.099,14 "," 5.609,05 "," 5.609,05 "," 6.169,95 "," 6.169,95 "," 6.786,95 "," 6.786,95 "," 7.465,65 "," 7.465,65 ", -   , -   
2022,1,ASSUPERO ENSINO SUPERIOR LTDA.,2415,6099229000101,UNIVERSIDADE PAULISTA,322,Universidade,SP,São Paulo,CAMPUS INDIANÓPOLIS,657837,São Paulo,SP,São Paulo,35061,3515,Metropolitana de São Paulo,CURSOS DA AREA DE SAUDE,"ENFERMAGEM, FISIOTERAPIA, FARMÁCIA, NUTRIÇÃO E CURSOS RELACIONADOS",134872,"551,76",1443409,NUTRIÇÃO,NOTURNO,Bacharelado,Autorizado,115,28,87,0," 40.171,04 "," 5.021,38 "," 5.021,38 "," 5.021,38 "," 5.021,38 "," 5.021,38 "," 5.021,38 "," 5.021,38 "," 5.021,38 ", -   , -   , -   , -   ," 28.119,68 ",250%," 3.514,96 "," 3.514,96 "," 3.514,96 "," 3.514,96 "," 3.514,96 "," 3.514,96 "," 3.514,96 "," 3.514,96 ", -   , -   , -   , -   
2022,1,SOCIEDADE DE ENSINO SUPERIOR ESTACIO DE SA LTDA,119,34075739000184,UNIVERSIDADE ESTÁCIO DE SÁ,163,Universidade,RJ,Rio de Janeiro,MARACANÃ,1124993,Rio de Janeiro,RJ,Rio de Janeiro,33018,3306,Metropolitana do Rio de Janeiro,CURSOS DA ÁREA DE ENGENHARIA E CIÊNCIA DA COMPUTAÇÃO,CIÊNCIA DA COMPUTAÇÃO E SISTEMAS DE INFORMAÇÃO E CURSOS RELACIONADOS,134101,"569,1",1579817,CIÊNCIAS DA COMPUTAÇÃO,MATUTINO,Bacharelado,Autorizado,60,15,0,0," 47.330,18 "," 5.099,14 "," 5.099,14 "," 5.609,05 "," 5.609,05 "," 6.169,95 "," 6.169,95 "," 6.786,95 "," 6.786,95 ", -   , -   , -   , -   ," 47.330,18 ",500%," 5.099,14 "," 5.099,14 "," 5.609,05 "," 5.609,05 "," 6.169,95 "," 6.169,95 "," 6.786,95 "," 6.786,95 ", -   , -   , -   , -   
2022,1,VIDAM EMPREENDIMENTOS EDUCACIONAIS LTDA,16079,18867222000171,Faculdade AGES de Lagarto,18735,Faculdade ,SE,Lagarto,Campus Principal,1065960,Lagarto,SE,Agreste de Lagarto,28006,2802,Agreste Sergipano,CURSOS DA ÁREA DE ENGENHARIA E CIÊNCIA DA COMPUTAÇÃO,"ENGENHARIA CIVIL E AMBIENTAL, ARQUITETURA E CURSOS RELACIONADOS",132954,"470,66",1264086,ENGENHARIA CIVIL,INTEGRAL,Bacharelado,4,100,40,0,0," 91.680,00 "," 9.168,00 "," 9.168,00 "," 9.168,00 "," 9.168,00 "," 9.168,00 "," 9.168,00 "," 9.168,00 "," 9.168,00 "," 9.168,00 "," 9.168,00 ", -   , -   ," 91.680,00 ",300%," 9.168,00 "," 9.168,00 "," 9.168,00 "," 9.168,00 "," 9.168,00 "," 9.168,00 "," 9.168,00 "," 9.168,00 "," 9.168,00 "," 9.168,00 ", -   , -   
2022,1,EMPREENDIMENTO EDUCACIONAL MARACANAU LTDA.,1297,3884793000147,FACULDADE UNIFAMETRO CASCAVEL,19859,Faculdade ,CE,Cascavel,CAMPUS PRINCIPAL,1070401,Cascavel,CE,Cascavel,23015,2302,Norte Cearense,CURSOS NAO PRIORITARIOS,"CIÊNCIAS SOCIAIS, POLÍTICAS, ECONÔMICAS E CONTÁBEIS, PSICOLOGIA E SECRETARIADO",132298,"527,22",1324155,CIÊNCIAS CONTÁBEIS,NOTURNO,Bacharelado,4,50,10,10,0," 40.320,00 "," 5.040,00 "," 5.040,00 "," 5.040,00 "," 5.040,00 "," 5.040,00 "," 5.040,00 "," 5.040,00 "," 5.040,00 ", -   , -   , -   , -   ," 38.304,00 ",300%," 4.788,00 "," 4.788,00 "," 4.788,00 "," 4.788,00 "," 4.788,00 "," 4.788,00 "," 4.788,00 "," 4.788,00 ", -   , -   , -   , -   
2022,1,IME INSTITUTO METROPOLITANO DE ENSINO LTDA,1416,3817341000142,Centro Universitário CEUNI - FAMETRO,2147,Centro Universitário,AM,Manaus,UNIDADES 1/2,659007,Manaus,AM,Manaus,13007,1303,Centro Amazonense,CURSOS NAO PRIORITARIOS,"COMUNICAÇÃO SOCIAL, JORNALISMO, PUBLICIDADE, MARKETING E CURSOS RELACIONADOS",131736,"521,92",1304682,JORNALISMO,NOTURNO,Bacharelado,4,100,40,0,2," 47.614,00 "," 5.951,75 "," 5.951,75 "," 5.951,75 "," 5.951,75 "," 5.951,75 "," 5.951,75 "," 5.951,75 "," 5.951,75 ", -   , -   , -   , -   ," 21.103,82 ",100%," 2.566,68 "," 2.566,68 "," 2.566,68 "," 2.566,68 "," 2.566,68 "," 2.566,68 "," 2.851,87 "," 2.851,87 ", -   , -   , -   , -   
2022,1,ASSUPERO ENSINO SUPERIOR LTDA.,2415,6099229000101,UNIVERSIDADE PAULISTA,322,Universidade,SP,São Paulo,ASSIS I,9522,Assis,SP,Assis,35039,3510,Assis,CURSOS NAO PRIORITARIOS,"CIÊNCIAS BIOLÓGICAS (BEL), BIOMEDICINA, BIOTECNOLOGIA E CURSOS RELACIONADOS",134665,"542,7",1180792,BIOMEDICINA,NOTURNO,Bacharelado,3,115,34,81,1," 44.317,72 "," 6.210,47 "," 5.318,79 "," 5.318,79 "," 5.318,79 "," 4.877,57 "," 5.449,58 "," 5.774,77 "," 6.048,96 ", -   , -   , -   , -   ," 32.536,00 ",250%," 4.347,33 "," 3.723,15 "," 3.723,15 "," 3.723,15 "," 3.476,29 "," 4.012,25 "," 4.526,60 "," 5.004,08 ", -   , -   , -   , -   
2022,1,UNIAO BRASILEIRA DE EDUCACAO CATOLICA,278,331801000130,UNIVERSIDADE CATÓLICA DE BRASÍLIA,403,Universidade,DF,Brasília,BRASILIA - UNIVERSIDADE CATÓLICA DE BRASÍLIA,657876,Brasília,DF,Brasília,53001,5301,Distrito Federal,"CURSOS DA ÁREA DE LICENCIATURA, PEDAGOGIA E NORMAL SUPERIOR","HISTÓRIA (LIC), GEOGRAFIA (LIC), EDUCAÇÃO FÍSICA (LIC) E CURSOS RELACIONADOS",136284,"628,18",117336,EDUCAÇÃO FÍSICA,MATUTINO,Licenciatura,4,100,24,0,0," 121.013,76 "," 15.126,72 "," 15.126,72 "," 15.126,72 "," 15.126,72 "," 15.126,72 "," 15.126,72 "," 15.126,72 "," 15.126,72 ", -   , -   , -   , -   ," 121.013,76 ",120%," 15.126,72 "," 15.126,72 "," 15.126,72 "," 15.126,72 "," 15.126,72 "," 15.126,72 "," 15.126,72 "," 15.126,72 ", -   , -   , -   , -   
2022,1,IPE EDUCACIONAL LTDA,245,8679557000102,CENTRO UNIVERSITÁRIO DE JOÃO PESSOA,352,Centro Universitário,PB,João Pessoa,CAMPUS UNIPÊ,657848,João Pessoa,PB,João Pessoa,25022,2504,Mata Paraibana,CURSOS DA AREA DE SAUDE,"ENFERMAGEM, FISIOTERAPIA, FARMÁCIA, NUTRIÇÃO E CURSOS RELACIONADOS",132617,"570,82",19048,FISIOTERAPIA,NOTURNO,Bacharelado,3,200,60,0,5," 122.696,52 "," 12.664,38 "," 11.207,22 "," 12.664,14 "," 11.207,22 "," 12.664,14 "," 19.107,18 "," 21.591,12 "," 21.591,12 ", -   , -   , -   , -   ," 53.070,12 ",300%," 4.799,88 "," 5.039,88 "," 5.695,08 "," 11.207,22 "," 5.286,12 "," 7.316,64 "," 8.267,82 "," 5.457,48 ", -   , -   , -   , -   
2022,1,ASSUPERO ENSINO SUPERIOR LTDA.,2415,6099229000101,UNIVERSIDADE PAULISTA,322,Universidade,SP,São Paulo,GOIANIA I,9543,Goiânia,GO,Goiânia,52010,5203,Centro Goiano,CURSOS DA AREA DE SAUDE,"ENFERMAGEM, FISIOTERAPIA, FARMÁCIA, NUTRIÇÃO E CURSOS RELACIONADOS",136108,"576,82",60026,FARMÁCIA,NOTURNO,Bacharelado,3,345,103,242,1," 46.604,04 "," 7.136,23 "," 5.500,67 "," 5.500,67 "," 5.500,67 "," 5.148,92 "," 5.843,58 "," 5.986,65 "," 5.986,65 ", -   , -   , -   , -   ," 34.080,95 ",250%," 4.995,36 "," 3.850,47 "," 3.850,47 "," 3.850,47 "," 3.639,50 "," 4.597,82 "," 4.648,43 "," 4.648,43 ", -   , -   , -   , -   
2022,1,FUNDACAO SAO PAULO,378,60990751000124,CENTRO UNIVERSITÁRIO ASSUNÇÃO,161,Centro Universitário,SP,São Paulo,VILA MARIANA,1004173,São Paulo,SP,São Paulo,35061,3515,Metropolitana de São Paulo,CURSOS NAO PRIORITARIOS,"ADMINISTRAÇÃO, ADMINISTRAÇÃO PÚBLICA, GESTÃO, LOGÍSTICA, NEGÓCIOS E CURSOS RELACIONADOS",134951,"561,82",1458516,GESTÃO PÚBLICA,NOTURNO,Tecnológico,Autorizado,60,15,0,0," 12.000,00 "," 3.000,00 "," 3.000,00 "," 3.000,00 "," 3.000,00 ", -   , -   , -   , -   , -   , -   , -   , -   ," 11.640,00 ",250%," 2.910,00 "," 2.910,00 "," 2.910,00 "," 2.910,00 ", -   , -   , -   , -   , -   , -   , -   , -   
2022,1,CESUMAR - CENTRO DE ENSINO SUPERIOR DE MARINGA LTDA,560,79265617000199,FACULDADE CESUMAR ,14403,Faculdade ,PR,Curitiba,UNIDADE ITAJUBÁ,1066173,Curitiba,PR,Curitiba,41037,4110,Metropolitana de Curitiba,CURSOS DA AREA DE SAUDE,"ENFERMAGEM, FISIOTERAPIA, FARMÁCIA, NUTRIÇÃO E CURSOS RELACIONADOS",135269,"540,7",1322328,NUTRIÇÃO,NOTURNO,Bacharelado,4,100,40,0,1," 90.810,72 "," 11.351,34 "," 11.351,34 "," 11.351,34 "," 11.351,34 "," 11.351,34 "," 11.351,34 "," 11.351,34 "," 11.351,34 ", -   , -   , -   , -   ," 63.567,52 ","0,4%"," 7.945,94 "," 7.945,94 "," 7.945,94 "," 7.945,94 "," 7.945,94 "," 7.945,94 "," 7.945,94 "," 7.945,94 ", -   , -   , -   , -   
2022,1,CENTRO DE ESTUDOS JURIDICOS DO AMAZONAS LTDA,16099,6201403000185,Faculdade Santa Teresa,18684,Faculdade ,AM,Manaus,CAMPUS PRINCIPAL,1065789,Manaus,AM,Manaus,13007,1303,Centro Amazonense,CURSOS DA AREA DE SAUDE,"ENFERMAGEM, FISIOTERAPIA, FARMÁCIA, NUTRIÇÃO E CURSOS RELACIONADOS",131689,"527,24",1454535,FARMÁCIA,MATUTINO,Bacharelado,4,120,48,0,0," 66.666,00 "," 6.666,60 "," 6.666,60 "," 6.666,60 "," 6.666,60 "," 6.666,60 "," 6.666,60 "," 6.666,60 "," 6.666,60 "," 6.666,60 "," 6.666,60 ", -   , -   ," 30.555,30 ",100%," 3.055,53 "," 3.055,53 "," 3.055,53 "," 3.055,53 "," 3.055,53 "," 3.055,53 "," 3.055,53 "," 3.055,53 "," 3.055,53 "," 3.055,53 ", -   , -   
2022,1,ASSOCIACAO CULTURAL DE RENOVACAO TECNOLOGICA SOROCABANA,444,45718988000167,CENTRO UNIVERSITÁRIO FACENS,672,Centro Universitário,SP,Sorocaba,UNIDADE SEDE,658023,Sorocaba,SP,Sorocaba,35046,3512,Macro Metropolitana Paulista,CURSOS DA ÁREA DE ENGENHARIA E CIÊNCIA DA COMPUTAÇÃO,CIÊNCIA DA COMPUTAÇÃO E SISTEMAS DE INFORMAÇÃO E CURSOS RELACIONADOS,134705,"640,56",1484595,ANÁLISE E DESENVOLVIMENTO DE SISTEMAS,NOTURNO,Tecnológico,Autorizado,200,50,0,0," 30.120,00 "," 6.024,00 "," 6.024,00 "," 6.024,00 "," 6.024,00 "," 6.024,00 ", -   , -   , -   , -   , -   , -   , -   ," 28.590,00 ",100%," 5.718,00 "," 5.718,00 "," 5.718,00 "," 5.718,00 "," 5.718,00 ", -   , -   , -   , -   , -   , -   , -   
2022,1,INSTITUICAO EDUCACIONAL CECILIA MARIA DE MELO BARCELOS LTDA,1096,3522326000177,FACULDADE ASA DE BRUMADINHO,1670,Faculdade ,MG,Brumadinho,UNIDADE  - BRUMADINHO,658671,Brumadinho,MG,Belo Horizonte,31030,3107,Metropolitana de Belo Horizonte,CURSOS DA ÁREA DE ENGENHARIA E CIÊNCIA DA COMPUTAÇÃO,"ENGENHARIA DE PRODUÇÃO, DE MATERIAIS E CURSOS RELACIONADOS",133544,"551,52",1260606,ENGENHARIA DE PRODUÇÃO,NOTURNO,Bacharelado,4,100,40,40,0," 100.317,60 "," 10.031,76 "," 10.031,76 "," 10.031,76 "," 10.031,76 "," 10.031,76 "," 10.031,76 "," 10.031,76 "," 10.031,76 "," 10.031,76 "," 10.031,76 ", -   , -   ," 100.317,60 ",100%," 10.031,76 "," 10.031,76 "," 10.031,76 "," 10.031,76 "," 10.031,76 "," 10.031,76 "," 10.031,76 "," 10.031,76 "," 10.031,76 "," 10.031,76 ", -   , -   
2022,1,SOCIEDADE EDUCACIONAL IDEAL LTDA,941,2696435000148,Faculdade Ideal Wyden,1423,Faculdade ,PA,Belém,BELÉM - BATISTA CAMPOS - TUPINAMBÁS,1042466,Belém,PA,Belém,15007,1503,Metropolitana de Belém,CURSOS DA ÁREA DE ENGENHARIA E CIÊNCIA DA COMPUTAÇÃO,"ENGENHARIA CIVIL E AMBIENTAL, ARQUITETURA E CURSOS RELACIONADOS",131843,"552,64",1157246,ARQUITETURA E URBANISMO,VESPERTINO,Bacharelado,4,50,20,30,0," 89.371,62 "," 7.319,42 "," 7.319,42 "," 8.051,37 "," 8.051,37 "," 8.856,50 "," 8.856,50 "," 9.742,15 "," 9.742,15 "," 10.716,37 "," 10.716,37 ", -   , -   ," 89.371,62 ",500%," 7.319,42 "," 7.319,42 "," 8.051,37 "," 8.051,37 "," 8.856,50 "," 8.856,50 "," 9.742,15 "," 9.742,15 "," 10.716,37 "," 10.716,37 ", -   , -   
2022,1,ASSOCIACAO EDUCACIONAL NOVE DE JULHO,222,43374768000138,UNIVERSIDADE NOVE DE JULHO,316,Universidade,SP,São Paulo,VILA PRUDENTE,1063075,São Paulo,SP,São Paulo,35061,3515,Metropolitana de São Paulo,CURSOS NAO PRIORITARIOS,"ADMINISTRAÇÃO, ADMINISTRAÇÃO PÚBLICA, GESTÃO, LOGÍSTICA, NEGÓCIOS E CURSOS RELACIONADOS",134953,"541,98",1279552,GESTÃO DA QUALIDADE,MATUTINO,Tecnológico,4,70,28,28,0," 25.512,00 "," 6.378,00 "," 6.378,00 "," 6.378,00 "," 6.378,00 ", -   , -   , -   , -   , -   , -   , -   , -   ," 14.632,00 ",120%," 2.620,00 "," 3.072,00 "," 4.470,00 "," 4.470,00 ", -   , -   , -   , -   , -   , -   , -   , -   
2022,1,UNIRB - UNIVERSIDADE REGIONAL BRASILEIRA S.A.,17024,28844791000155,Centro Universitário UNIRB - Alagoinhas,3864,Centro Universitário,BA,Alagoinhas,UNIRB-ALAGOINHAS,659650,Alagoinhas,BA,Alagoinhas,29017,2904,Nordeste Baiano,CURSOS DA ÁREA DE ENGENHARIA E CIÊNCIA DA COMPUTAÇÃO,"ENGENHARIA CIVIL E AMBIENTAL, ARQUITETURA E CURSOS RELACIONADOS",133154,"574,5",1183621,ENGENHARIA CIVIL,MATUTINO,Bacharelado,3,100,30,70,0," 131.820,00 "," 13.182,00 "," 13.182,00 "," 13.182,00 "," 13.182,00 "," 13.182,00 "," 13.182,00 "," 13.182,00 "," 13.182,00 "," 13.182,00 "," 13.182,00 ", -   , -   ," 131.820,00 ",800%," 13.182,00 "," 13.182,00 "," 13.182,00 "," 13.182,00 "," 13.182,00 "," 13.182,00 "," 13.182,00 "," 13.182,00 "," 13.182,00 "," 13.182,00 ", -   , -   
2022,1,SOCIEDADE DE ENSINO SUPERIOR ESTACIO DE SA LTDA,119,34075739000184,UNIVERSIDADE ESTÁCIO DE SÁ,163,Universidade,RJ,Rio de Janeiro,SULACAP,1052178,Rio de Janeiro,RJ,Rio de Janeiro,33018,3306,Metropolitana do Rio de Janeiro,CURSOS DA AREA DE SAUDE,"ENFERMAGEM, FISIOTERAPIA, FARMÁCIA, NUTRIÇÃO E CURSOS RELACIONADOS",134095,"568,88",49994,ENFERMAGEM,MATUTINO,Bacharelado,4,80,32,0,0," 67.394,88 "," 5.519,56 "," 5.519,56 "," 6.071,51 "," 6.071,51 "," 6.678,66 "," 6.678,66 "," 7.346,53 "," 7.346,53 "," 8.081,18 "," 8.081,18 ", -   , -   ," 67.394,88 ",500%," 5.519,56 "," 5.519,56 "," 6.071,51 "," 6.071,51 "," 6.678,66 "," 6.678,66 "," 7.346,53 "," 7.346,53 "," 8.081,18 "," 8.081,18 ", -   , -   
2022,1,YDUQS EDUCACIONAL LTDA.,1174,3681572000171,Centro Universitário Facid Wyden,1734,Centro Universitário,PI,Teresina,TERESINA - HORTO FLORESTAL,658725,Teresina,PI,Teresina,22003,2202,Centro-Norte Piauiense,"CURSOS DA ÁREA DE LICENCIATURA, PEDAGOGIA E NORMAL SUPERIOR","HISTÓRIA (LIC), GEOGRAFIA (LIC), EDUCAÇÃO FÍSICA (LIC) E CURSOS RELACIONADOS",132217,"540,6",1405117,EDUCAÇÃO FÍSICA,NOTURNO,Bacharelado,Autorizado,30,7,22,0," 28.954,48 "," 3.119,42 "," 3.119,42 "," 3.431,37 "," 3.431,37 "," 3.774,50 "," 3.774,50 "," 4.151,95 "," 4.151,95 ", -   , -   , -   , -   ," 28.954,48 ",500%," 3.119,42 "," 3.119,42 "," 3.431,37 "," 3.431,37 "," 3.774,50 "," 3.774,50 "," 4.151,95 "," 4.151,95 ", -   , -   , -   , -   
2022,1,FUNDACAO UNIVERSIDADE DE CAXIAS DO SUL,13,88648761000103,UNIVERSIDADE DE CAXIAS DO SUL,13,Universidade,RS,Caxias do Sul,CAMPUS SEDE,1003692,Caxias do Sul,RS,Caxias do Sul,43016,4302,Nordeste Rio-grandense,CURSOS DA AREA DE SAUDE,"ENFERMAGEM, FISIOTERAPIA, FARMÁCIA, NUTRIÇÃO E CURSOS RELACIONADOS",135628,"469,88",70604,FARMÁCIA,INTEGRAL,Bacharelado,5,60,20,0,1," 148.913,40 "," 14.891,34 "," 14.891,34 "," 14.891,34 "," 14.891,34 "," 14.891,34 "," 14.891,34 "," 14.891,34 "," 14.891,34 "," 14.891,34 "," 14.891,34 ", -   , -   ," 141.467,70 ",100%," 14.146,77 "," 14.146,77 "," 14.146,77 "," 14.146,77 "," 14.146,77 "," 14.146,77 "," 14.146,77 "," 14.146,77 "," 14.146,77 "," 14.146,77 ", -   , -   
2022,1,ANTARES EDUCACIONAL S.A.,121,34185306000181,UNIVERSIDADE VEIGA DE ALMEIDA,165,Universidade,RJ,Rio de Janeiro,Campus Barra da Tijuca,1000122,Rio de Janeiro,RJ,Rio de Janeiro,33018,3306,Metropolitana do Rio de Janeiro,CURSOS NAO PRIORITARIOS,"COMUNICAÇÃO SOCIAL, JORNALISMO, PUBLICIDADE, MARKETING E CURSOS RELACIONADOS",134154,"507,3",1516887,MARKETING,MATUTINO,Tecnológico,Autorizado,50,12,3,0," 4.407,18 "," 1.000,00 "," 1.065,00 "," 1.134,23 "," 1.207,95 ", -   , -   , -   , -   , -   , -   , -   , -   ," 4.407,18 ",200%," 1.000,00 "," 1.065,00 "," 1.134,23 "," 1.207,95 ", -   , -   , -   , -   , -   , -   , -   , -   
2022,1,UNIRB - UNIVERSIDADE REGIONAL BRASILEIRA S.A.,17024,28844791000155,CENTRO UNIVERSITÁRIO UNIRB,2076,Centro Universitário,BA,Salvador,Unidade SEDE,658969,Salvador,BA,Salvador,29021,2905,Metropolitana de Salvador,CURSOS DA AREA DE SAUDE,"ENFERMAGEM, FISIOTERAPIA, FARMÁCIA, NUTRIÇÃO E CURSOS RELACIONADOS",133194,"581,54",85734,FISIOTERAPIA,MATUTINO,Bacharelado,4,100,40,60,0," 112.620,00 "," 11.262,00 "," 11.262,00 "," 11.262,00 "," 11.262,00 "," 11.262,00 "," 11.262,00 "," 11.262,00 "," 11.262,00 "," 11.262,00 "," 11.262,00 ", -   , -   ," 112.620,00 ",800%," 11.262,00 "," 11.262,00 "," 11.262,00 "," 11.262,00 "," 11.262,00 "," 11.262,00 "," 11.262,00 "," 11.262,00 "," 11.262,00 "," 11.262,00 ", -   , -   
2022,1,INSTITUTO DE EDUCACAO SUPERIOR SAO PAULO LTDA - EPP,1283,4207184000116,CENTRO UNIVERSITÁRIO DE PAULÍNIA,1949,Centro Universitário,SP,Paulínia,UNIDADE SEDE,658897,Paulínia,SP,Campinas,35032,3507,Campinas,CURSOS DA AREA DE SAUDE,"ENFERMAGEM, FISIOTERAPIA, FARMÁCIA, NUTRIÇÃO E CURSOS RELACIONADOS",134484,"529,34",1465626,FARMÁCIA,NOTURNO,Bacharelado,Autorizado,50,12,10,0," 76.782,00 "," 7.678,20 "," 7.678,20 "," 7.678,20 "," 7.678,20 "," 7.678,20 "," 7.678,20 "," 7.678,20 "," 7.678,20 "," 7.678,20 "," 7.678,20 ", -   , -   ," 69.103,80 ",400%," 6.910,38 "," 6.910,38 "," 6.910,38 "," 6.910,38 "," 6.910,38 "," 6.910,38 "," 6.910,38 "," 6.910,38 "," 6.910,38 "," 6.910,38 ", -   , -   
2022,1,SER EDUCACIONAL S.A.,1847,4986320000113,Faculdade Univeritas Universus Veritas de Belo Horizonte,2885,Faculdade ,MG,Belo Horizonte,Sede,1078015,Belo Horizonte,MG,Belo Horizonte,31030,3107,Metropolitana de Belo Horizonte,CURSOS DA ÁREA DE ENGENHARIA E CIÊNCIA DA COMPUTAÇÃO,"ENGENHARIA CIVIL E AMBIENTAL, ARQUITETURA E CURSOS RELACIONADOS",133557,"616,04",1365543,ARQUITETURA E URBANISMO,NOTURNO,Bacharelado,3,90,27,0,0," 82.005,00 "," 8.200,50 "," 8.200,50 "," 8.200,50 "," 8.200,50 "," 8.200,50 "," 8.200,50 "," 8.200,50 "," 8.200,50 "," 8.200,50 "," 8.200,50 ", -   , -   ," 32.802,00 ",160%," 3.280,20 "," 3.280,20 "," 3.280,20 "," 3.280,20 "," 3.280,20 "," 3.280,20 "," 3.280,20 "," 3.280,20 "," 3.280,20 "," 3.280,20 ", -   , -   
2022,1,ASSOCIACAO IGREJA ADVENTISTA MISSIONARIA - AIAMIS,1390,3365403000122,CENTRO UNIVERSITÁRIO INTA,2111,Centro Universitário,CE,Sobral,SEDE,658982,Sobral,CE,Sobral,23005,2301,Noroeste Cearense,CURSOS NAO PRIORITARIOS,"DIREITO, COMÉRCIO EXTERIOR, BIBLIOTECONOMIA E CURSOS RELACIONADOS",132278,"615,72",1172815,DIREITO,NOTURNO,Bacharelado,5,75,37,38,62," 96.445,32 "," 9.311,96 "," 9.311,96 "," 9.311,96 "," 9.311,96 "," 9.311,96 "," 9.311,96 "," 9.478,25 "," 10.143,39 "," 10.143,39 "," 10.808,53 ", -   , -   ," 96.445,32 ",300%," 9.311,96 "," 9.311,96 "," 9.311,96 "," 9.311,96 "," 9.311,96 "," 9.311,96 "," 9.478,25 "," 10.143,39 "," 10.143,39 "," 10.808,53 ", -   , -   
2022,1,"IREP SOCIEDADE DE ENSINO SUPERIOR, MEDIO E FUNDAMENTAL LTDA.",545,2608755000107,Centro Universitário Estácio do Ceará,1107,Centro Universitário,CE,Fortaleza,VIA CORPVS,1870,Fortaleza,CE,Fortaleza,23016,2303,Metropolitana de Fortaleza,CURSOS NAO PRIORITARIOS,"CIÊNCIAS SOCIAIS, POLÍTICAS, ECONÔMICAS E CONTÁBEIS, PSICOLOGIA E SECRETARIADO",132356,"631,2",1069733,PSICOLOGIA,VESPERTINO,Bacharelado,4,50,20,30,1," 68.859,52 "," 5.639,51 "," 5.639,51 "," 6.203,46 "," 6.203,46 "," 6.823,80 "," 6.823,80 "," 7.506,19 "," 7.506,19 "," 8.256,80 "," 8.256,80 ", -   , -   ," 68.859,52 ",500%," 5.639,51 "," 5.639,51 "," 6.203,46 "," 6.203,46 "," 6.823,80 "," 6.823,80 "," 7.506,19 "," 7.506,19 "," 8.256,80 "," 8.256,80 ", -   , -   
2022,1,SOCIEDADE EDUCACIONAL ARNALDO HORACIO FERREIRA S/C LTDA,2477,6163776000109,CENTRO UNIVERSITÁRIO ARNALDO HORÁCIO FERREIRA,3921,Centro Universitário,BA,Luís Eduardo Magalhães,CAMPUS  - LUÍS EDUARDO MAGALHÃES - MIMOSO DO OESTE,659664,Luís Eduardo Magalhães,BA,Barreiras,29001,2901,Extremo Oeste Baiano,CURSOS NAO PRIORITARIOS,"CIÊNCIAS SOCIAIS, POLÍTICAS, ECONÔMICAS E CONTÁBEIS, PSICOLOGIA E SECRETARIADO",133040,"549,52",1179179,PSICOLOGIA,NOTURNO,Bacharelado,4,100,40,0,0," 66.060,00 "," 6.606,00 "," 6.606,00 "," 6.606,00 "," 6.606,00 "," 6.606,00 "," 6.606,00 "," 6.606,00 "," 6.606,00 "," 6.606,00 "," 6.606,00 ", -   , -   ," 59.460,00 ",10%," 5.946,00 "," 5.946,00 "," 5.946,00 "," 5.946,00 "," 5.946,00 "," 5.946,00 "," 5.946,00 "," 5.946,00 "," 5.946,00 "," 5.946,00 ", -   , -   
2022,1,ANHANGUERA EDUCACIONAL PARTICIPACOES S/A,16452,4310392000146,UNIVERSIDADE ANHANGUERA DE SÃO PAULO,457,Universidade,SP,São Paulo,Santo André - UNIABC,1002303,Santo André,SP,São Paulo,35061,3515,Metropolitana de São Paulo,CURSOS DA AREA DE SAUDE,"ENFERMAGEM, FISIOTERAPIA, FARMÁCIA, NUTRIÇÃO E CURSOS RELACIONADOS",134873,"566,34",5734,FISIOTERAPIA,NOTURNO,Bacharelado,3,80,24,56,0," 56.142,60 "," 5.614,26 "," 5.614,26 "," 5.614,26 "," 5.614,26 "," 5.614,26 "," 5.614,26 "," 5.614,26 "," 5.614,26 "," 5.614,26 "," 5.614,26 ", -   , -   ," 29.340,00 ",125%," 2.934,00 "," 2.934,00 "," 2.934,00 "," 2.934,00 "," 2.934,00 "," 2.934,00 "," 2.934,00 "," 2.934,00 "," 2.934,00 "," 2.934,00 ", -   , -   
2022,1,FUNDACAO DOM AGUIRRE,109,71487094000113,UNIVERSIDADE DE SOROCABA,150,Universidade,SP,Sorocaba,CAMPUS TRUJILLO,2631,Sorocaba,SP,Sorocaba,35046,3512,Macro Metropolitana Paulista,CURSOS NAO PRIORITARIOS,"ADMINISTRAÇÃO, ADMINISTRAÇÃO PÚBLICA, GESTÃO, LOGÍSTICA, NEGÓCIOS E CURSOS RELACIONADOS",134761,550,1110712,GESTÃO COMERCIAL,NOTURNO,Tecnológico,4,70,15,2,0," 19.830,00 "," 3.966,00 "," 3.966,00 "," 3.966,00 "," 3.966,00 "," 3.966,00 ", -   , -   , -   , -   , -   , -   , -   ," 19.433,40 ",100%," 3.886,68 "," 3.886,68 "," 3.886,68 "," 3.886,68 "," 3.886,68 ", -   , -   , -   , -   , -   , -   , -   
2022,1,FORTEC ASSESSORIA E TREINAMENTO LTDA,1130,44309573000177,FACULDADE DE TECNOLOGIA DE SÃO VICENTE,1713,Faculdade ,SP,São Vicente,CAMPUS  - SÃO VICENTE - GONZAGUINHA,658707,São Vicente,SP,Santos,35063,3515,Metropolitana de São Paulo,CURSOS DA ÁREA DE ENGENHARIA E CIÊNCIA DA COMPUTAÇÃO,"ENGENHARIA DE PRODUÇÃO, DE MATERIAIS E CURSOS RELACIONADOS",134885,"452,82",85754,AUTOMAÇÃO INDUSTRIAL,NOTURNO,Tecnológico,3,120,5,10,0," 34.082,64 "," 5.680,44 "," 5.680,44 "," 5.680,44 "," 5.680,44 "," 5.680,44 "," 5.680,44 ", -   , -   , -   , -   , -   , -   ," 14.724,00 ",100%," 2.454,00 "," 2.454,00 "," 2.454,00 "," 2.454,00 "," 2.454,00 "," 2.454,00 ", -   , -   , -   , -   , -   , -   
2022,1,ASSOCIACAO SALGADO DE OLIVEIRA DE EDUCACAO E CULTURA,435,28638393000182,UNIVERSIDADE SALGADO DE OLIVEIRA,663,Universidade,RJ,São Gonçalo,RECIFE,559,Recife,PE,Recife,26017,2605,Metropolitana de Recife,CURSOS NAO PRIORITARIOS,"DIREITO, COMÉRCIO EXTERIOR, BIBLIOTECONOMIA E CURSOS RELACIONADOS",132851,"603,76",43427,DIREITO,NOTURNO,Bacharelado,4,200,80,120,1," 158.181,60 "," 15.818,16 "," 15.818,16 "," 15.818,16 "," 15.818,16 "," 15.818,16 "," 15.818,16 "," 15.818,16 "," 15.818,16 "," 15.818,16 "," 15.818,16 ", -   , -   ," 65.835,00 ",100%," 6.583,50 "," 6.583,50 "," 6.583,50 "," 6.583,50 "," 6.583,50 "," 6.583,50 "," 6.583,50 "," 6.583,50 "," 6.583,50 "," 6.583,50 ", -   , -   
2022,1,INSTITUTO MANTENEDOR DE ENSINO SUPERIOR DA BAHIA LTDA - ME,1564,4670333000189,CENTRO UNIVERSIÁRIO UNIFTC DE FEIRA DE SANTANA,1053,Centro Universitário,BA,Feira de Santana,CAMPUS  - FEIRA DE SANTANA - SIM,658223,Feira de Santana,BA,Feira de Santana,29012,2903,Centro Norte Baiano,CURSOS NAO PRIORITARIOS,"CIÊNCIAS BIOLÓGICAS (BEL), BIOMEDICINA, BIOTECNOLOGIA E CURSOS RELACIONADOS",133121,"591,36",1260546,BIOMEDICINA,NOTURNO,Bacharelado,3,100,30,0,3," 59.275,20 "," 7.409,40 "," 7.409,40 "," 7.409,40 "," 7.409,40 "," 7.409,40 "," 7.409,40 "," 7.409,40 "," 7.409,40 ", -   , -   , -   , -   ," 59.275,20 ",200%," 7.409,40 "," 7.409,40 "," 7.409,40 "," 7.409,40 "," 7.409,40 "," 7.409,40 "," 7.409,40 "," 7.409,40 ", -   , -   , -   , -   
2022,1,SOCIEDADE EDUCACIONAL BRAZ CUBAS LTDA.,365,52556412000106,CENTRO UNIVERSITÁRIO BRAZ CUBAS,526,Centro Universitário,SP,Mogi das Cruzes,CAMPUS I SEDE,25802,Mogi das Cruzes,SP,Mogi das Cruzes,35062,3515,Metropolitana de São Paulo,CURSOS NAO PRIORITARIOS,"CIÊNCIAS SOCIAIS, POLÍTICAS, ECONÔMICAS E CONTÁBEIS, PSICOLOGIA E SECRETARIADO",134949,"605,52",10733,CIÊNCIAS CONTÁBEIS,NOTURNO,Bacharelado,4,120,48,0,3," 63.810,30 "," 7.257,30 "," 6.422,40 "," 7.257,30 "," 7.257,30 "," 8.904,00 "," 8.904,00 "," 8.904,00 "," 8.904,00 ", -   , -   , -   , -   ," 37.110,36 ",300%," 4.739,88 "," 3.317,82 "," 4.016,40 "," 5.137,92 "," 4.032,00 "," 4.599,18 "," 4.937,28 "," 6.329,88 ", -   , -   , -   , -   
2022,1,CENTRO DE ENSINO SUPERIOR STRONG,1139,3986941000134,STRONG BUSINESS SCHOOL BS,4943,Faculdade ,SP,Santos,Escola Superior de Administração e Gestão da Baixada Santista,659971,Santos,SP,Santos,35063,3515,Metropolitana de São Paulo,CURSOS NAO PRIORITARIOS,"ADMINISTRAÇÃO, ADMINISTRAÇÃO PÚBLICA, GESTÃO, LOGÍSTICA, NEGÓCIOS E CURSOS RELACIONADOS",134953,"541,98",112444,ADMINISTRAÇÃO,MATUTINO,Bacharelado,4,100,40,40,0," 119.404,32 "," 14.925,54 "," 14.925,54 "," 14.925,54 "," 14.925,54 "," 14.925,54 "," 14.925,54 "," 14.925,54 "," 14.925,54 ", -   , -   , -   , -   ," 113.434,08 ",100%," 14.179,26 "," 14.179,26 "," 14.179,26 "," 14.179,26 "," 14.179,26 "," 14.179,26 "," 14.179,26 "," 14.179,26 ", -   , -   , -   , -   
2022,1,ANTARES EDUCACIONAL S.A.,121,34185306000181,UNIVERSIDADE VEIGA DE ALMEIDA,165,Universidade,RJ,Rio de Janeiro,Campus Barra da Tijuca,1000122,Rio de Janeiro,RJ,Rio de Janeiro,33018,3306,Metropolitana do Rio de Janeiro,CURSOS NAO PRIORITARIOS,"CIÊNCIAS SOCIAIS, POLÍTICAS, ECONÔMICAS E CONTÁBEIS, PSICOLOGIA E SECRETARIADO",134161,"552,44",1385684,RELAÇÕES INTERNACIONAIS,NOTURNO,Bacharelado,Autorizado,100,25,7,1," 10.076,87 "," 1.000,00 "," 1.065,00 "," 1.134,23 "," 1.207,95 "," 1.286,47 "," 1.370,09 "," 1.459,14 "," 1.553,99 ", -   , -   , -   , -   ," 10.076,87 ",200%," 1.000,00 "," 1.065,00 "," 1.134,23 "," 1.207,95 "," 1.286,47 "," 1.370,09 "," 1.459,14 "," 1.553,99 ", -   , -   , -   , -   
2022,1,BRASIL EDUCACAO S/A,3052,5648257000178,CENTRO UNIVERSITÁRIO UNA,344,Centro Universitário,MG,Belo Horizonte,CAMPUS LINHA VERDE,1057083,Belo Horizonte,MG,Belo Horizonte,31030,3107,Metropolitana de Belo Horizonte,CURSOS NAO PRIORITARIOS,"ADMINISTRAÇÃO, ADMINISTRAÇÃO PÚBLICA, GESTÃO, LOGÍSTICA, NEGÓCIOS E CURSOS RELACIONADOS",133593,"538,68",1259110,GESTÃO DA QUALIDADE,NOTURNO,Tecnológico,4,80,32,0,0," 18.576,00 "," 4.644,00 "," 4.644,00 "," 4.644,00 "," 4.644,00 ", -   , -   , -   , -   , -   , -   , -   , -   ," 18.576,00 ",300%," 4.644,00 "," 4.644,00 "," 4.644,00 "," 4.644,00 ", -   , -   , -   , -   , -   , -   , -   , -   
2022,1,UNIAO EDUCACIONAL META LTDA - ME,1897,4952095000102,Centro Universitário Estácio Meta de Rio Branco Estácio,2613,Centro Universitário,AC,Rio Branco,UNIMETA,1066379,Rio Branco,AC,Rio Branco,12004,1202,Vale do Acre,CURSOS DA AREA DE SAUDE,"ENFERMAGEM, FISIOTERAPIA, FARMÁCIA, NUTRIÇÃO E CURSOS RELACIONADOS",131661,"560,94",1257921,NUTRIÇÃO,NOTURNO,Bacharelado,3,100,30,70,2," 57.360,08 "," 6.179,71 "," 6.179,71 "," 6.797,68 "," 6.797,68 "," 7.477,45 "," 7.477,45 "," 8.225,20 "," 8.225,20 ", -   , -   , -   , -   ," 57.360,08 ",500%," 6.179,71 "," 6.179,71 "," 6.797,68 "," 6.797,68 "," 7.477,45 "," 7.477,45 "," 8.225,20 "," 8.225,20 ", -   , -   , -   , -   
2022,1,ANHANGUERA EDUCACIONAL PARTICIPACOES S/A,16452,4310392000146,FACULDADE ANHANGÜERA DE CAMPINAS,4826,Faculdade ,SP,Campinas,Faculdade Anhanguera de Campinas - Unidade III,4233,Campinas,SP,Campinas,35032,3507,Campinas,CURSOS NAO PRIORITARIOS,"CIÊNCIAS SOCIAIS, POLÍTICAS, ECONÔMICAS E CONTÁBEIS, PSICOLOGIA E SECRETARIADO",134538,"650,52",98045,PSICOLOGIA,NOTURNO,Bacharelado,4,100,40,60,0," 103.825,80 "," 10.382,58 "," 10.382,58 "," 10.382,58 "," 10.382,58 "," 10.382,58 "," 10.382,58 "," 10.382,58 "," 10.382,58 "," 10.382,58 "," 10.382,58 ", -   , -   ," 47.883,00 ",125%," 4.788,30 "," 4.788,30 "," 4.788,30 "," 4.788,30 "," 4.788,30 "," 4.788,30 "," 4.788,30 "," 4.788,30 "," 4.788,30 "," 4.788,30 ", -   , -   
2022,1,ASSUPERO ENSINO SUPERIOR LTDA.,2415,6099229000101,UNIVERSIDADE PAULISTA,322,Universidade,SP,São Paulo,GOIANIA I,9543,Goiânia,GO,Goiânia,52010,5203,Centro Goiano,CURSOS DA AREA DE SAUDE,"ENFERMAGEM, FISIOTERAPIA, FARMÁCIA, NUTRIÇÃO E CURSOS RELACIONADOS",136108,"576,82",51409,FISIOTERAPIA,NOTURNO,Bacharelado,3,230,69,161,0," 52.838,76 "," 7.136,23 "," 6.655,04 "," 6.802,91 "," 6.156,64 "," 5.716,85 "," 6.215,96 "," 6.639,29 "," 7.515,84 ", -   , -   , -   , -   ," 38.626,40 ",250%," 4.995,36 "," 4.658,53 "," 4.713,16 "," 4.309,65 "," 4.001,79 "," 4.510,96 "," 5.160,70 "," 6.276,25 ", -   , -   , -   , -   
2022,1,ASSUPERO ENSINO SUPERIOR LTDA.,2415,6099229000101,UNIVERSIDADE PAULISTA,322,Universidade,SP,São Paulo,SANTANA DE PARNAÍBA I,2637,Santana de Parnaíba,SP,Osasco,35057,3515,Metropolitana de São Paulo,CURSOS DA ÁREA DE ENGENHARIA E CIÊNCIA DA COMPUTAÇÃO,"ENGENHARIA MECÂNICA, AERONÁUTICA, NAVAL E CURSOS RELACIONADOS",134889,"461,1",1161017,ENGENHARIA MECÂNICA,NOTURNO,Bacharelado,3,230,69,161,0," 67.154,73 "," 6.960,09 "," 5.998,09 "," 5.998,09 "," 5.998,09 "," 5.614,61 "," 6.079,15 "," 6.862,17 "," 7.323,97 "," 7.738,14 "," 8.582,33 ", -   , -   ," 53.070,82 ",250%," 4.872,06 "," 4.198,67 "," 4.198,67 "," 4.198,67 "," 3.941,49 "," 4.445,14 "," 5.372,78 "," 6.549,58 "," 7.140,55 "," 8.153,21 ", -   , -   
2022,1,CENTRO DE ENSINO SUPERIOR SANTISSIMA TRINDADE LIMITADA - ME,16289,19833500000132,FACULDADE SANTISSIMA TRINDADE,19607,Faculdade ,PE,Nazaré da Mata,CAMPUS PRINCIPAL,1069964,Nazaré da Mata,PE,Mata Setentrional Pernambucana,26013,2604,Mata Pernambucana,CURSOS DA AREA DE SAUDE,"ENFERMAGEM, FISIOTERAPIA, FARMÁCIA, NUTRIÇÃO E CURSOS RELACIONADOS",132763,"516,16",1454097,FISIOTERAPIA,MATUTINO,Bacharelado,4,50,20,15,0," 47.940,00 "," 4.794,00 "," 4.794,00 "," 4.794,00 "," 4.794,00 "," 4.794,00 "," 4.794,00 "," 4.794,00 "," 4.794,00 "," 4.794,00 "," 4.794,00 ", -   , -   ," 45.543,00 ",100%," 4.554,30 "," 4.554,30 "," 4.554,30 "," 4.554,30 "," 4.554,30 "," 4.554,30 "," 4.554,30 "," 4.554,30 "," 4.554,30 "," 4.554,30 ", -   , -   
2022,1,INSTITUTO METROPOLITANO DE EDUCACAO E CULTURA LTDA - ME,3550,8814347000180,FACULDADE METROPOLITANA DE ANÁPOLIS,11544,Faculdade ,GO,Anápolis,UNIDADE SEDE,131757,Anápolis,GO,Anápolis,52007,5203,Centro Goiano,CURSOS NAO PRIORITARIOS,"DIREITO, COMÉRCIO EXTERIOR, BIBLIOTECONOMIA E CURSOS RELACIONADOS",136160,"648,94",1383026,DIREITO,NOTURNO,Bacharelado,4,180,36,18,1," 61.705,20 "," 6.170,52 "," 6.170,52 "," 6.170,52 "," 6.170,52 "," 6.170,52 "," 6.170,52 "," 6.170,52 "," 6.170,52 "," 6.170,52 "," 6.170,52 ", -   , -   ," 55.534,70 ",40%," 5.553,47 "," 5.553,47 "," 5.553,47 "," 5.553,47 "," 5.553,47 "," 5.553,47 "," 5.553,47 "," 5.553,47 "," 5.553,47 "," 5.553,47 ", -   , -   
2022,1,SOCIEDADE DE EDUCACAO SUPERIOR E CULTURA BRASIL S.A.,902,84684182000157,Centro Universitário UniCuritiba,4045,Centro Universitário,PR,Curitiba,CAMPUS MILTON VIANNA FILHO,1118532,Curitiba,PR,Curitiba,41037,4110,Metropolitana de Curitiba,CURSOS DA AREA DE SAUDE,"ODONTOLOGIA, QUIROPRAXIA, FÍSICA MÉDICA E NATUROLOGIA",135264,575,1365536,ODONTOLOGIA,MATUTINO,Bacharelado,3,60,18,0,3," 167.940,00 "," 16.794,00 "," 16.794,00 "," 16.794,00 "," 16.794,00 "," 16.794,00 "," 16.794,00 "," 16.794,00 "," 16.794,00 "," 16.794,00 "," 16.794,00 ", -   , -   ," 167.940,00 ",300%," 16.794,00 "," 16.794,00 "," 16.794,00 "," 16.794,00 "," 16.794,00 "," 16.794,00 "," 16.794,00 "," 16.794,00 "," 16.794,00 "," 16.794,00 ", -   , -   
2022,1,INSTITUTO INVEST DE EDUCACAO CONSULTORIA E ASSESSORIA LTDA,16364,15381314000159,Faculdade Invest de Ciências e Tecnologia,3303,Faculdade ,MT,Cuiabá,CAMPUS COXIPO,1079636,Cuiabá,MT,Cuiabá,51017,5104,Centro-Sul Mato-grossense,"CURSOS DA ÁREA DE LICENCIATURA, PEDAGOGIA E NORMAL SUPERIOR","LETRAS - IDIOMAS, FÍSICA (LIC), QUÍMICA (LIC) E CURSOS RELACIONADOS",136036,"478,84",80819,LETRAS - LÍNGUA PORTUGUESA,NOTURNO,Licenciatura,3,50,15,5,0," 33.703,74 "," 4.814,82 "," 4.814,82 "," 4.814,82 "," 4.814,82 "," 4.814,82 "," 4.814,82 "," 4.814,82 ", -   , -   , -   , -   , -   ," 11.638,00 ",100%," 1.558,00 "," 1.680,00 "," 1.680,00 "," 1.680,00 "," 1.680,00 "," 1.680,00 "," 1.680,00 ", -   , -   , -   , -   , -   
2022,1,ASSOCIACAO SAO BENTO DE ENSINO,88,43969732000105,UNIVERSIDADE DE ARARAQUARA,124,Universidade,SP,Araraquara,UNIDADE IV,1037253,Araraquara,SP,Araraquara,35024,3505,Araraquara,CURSOS NAO PRIORITARIOS,"AGRONOMIA, ZOOTECNIA, ENGENHARIA FLORESTAL E CURSOS RELACIONADOS",134431,"680,38",1120561,AGRONOMIA,NOTURNO,Bacharelado,3,80,10,0,3," 75.735,12 "," 7.590,00 "," 7.742,70 "," 7.742,70 "," 7.742,70 "," 7.522,20 "," 7.301,70 "," 7.520,76 "," 7.520,76 "," 7.525,80 "," 7.525,80 ", -   , -   ," 60.588,08 ",100%," 6.072,00 "," 6.194,16 "," 6.194,16 "," 6.194,16 "," 6.017,76 "," 5.841,36 "," 6.016,60 "," 6.016,60 "," 6.020,64 "," 6.020,64 ", -   , -   
2022,1,ESCOLA TECNOLOGICA DE CURITIBA LTDA - EPP,2573,4972854000190,FACULDADE DE TECNOLOGIA DE CURITIBA,4093,Faculdade ,PR,Curitiba,SEDE,659753,Curitiba,PR,Curitiba,41037,4110,Metropolitana de Curitiba,CURSOS DA AREA DE SAUDE,"SERVIÇO SOCIAL, FONOAUDIOLOGIA, TERAPIA OCUPACIONAL E CURSOS RELACIONADOS",135271,"457,66",1304895,SERVIÇO SOCIAL,NOTURNO,Bacharelado,4,50,20,0,0," 56.099,20 "," 7.012,40 "," 7.012,40 "," 7.012,40 "," 7.012,40 "," 7.012,40 "," 7.012,40 "," 7.012,40 "," 7.012,40 ", -   , -   , -   , -   ," 50.489,28 ",100%," 6.311,16 "," 6.311,16 "," 6.311,16 "," 6.311,16 "," 6.311,16 "," 6.311,16 "," 6.311,16 "," 6.311,16 ", -   , -   , -   , -   
2022,1,SOCIEDADE EDUCACIONAL ATUAL DA AMAZONIA LTDA,1122,3536667000100,CENTRO UNIVERSITÁRIO ESTÁCIO DA AMAZÔNIA,1702,Centro Universitário,RR,Boa Vista,BOA VISTA,1039741,Boa Vista,RR,Boa Vista,14001,1401,Norte de Roraima,CURSOS NAO PRIORITARIOS,"ADMINISTRAÇÃO, ADMINISTRAÇÃO PÚBLICA, GESTÃO, LOGÍSTICA, NEGÓCIOS E CURSOS RELACIONADOS",131781,"489,18",46564,ADMINISTRAÇÃO,VESPERTINO,Bacharelado,5,40,20,20,0," 31.737,20 "," 3.419,22 "," 3.419,22 "," 3.761,14 "," 3.761,14 "," 4.137,26 "," 4.137,26 "," 4.550,98 "," 4.550,98 ", -   , -   , -   , -   ," 31.737,20 ",500%," 3.419,22 "," 3.419,22 "," 3.761,14 "," 3.761,14 "," 4.137,26 "," 4.137,26 "," 4.550,98 "," 4.550,98 ", -   , -   , -   , -   
2022,1,ASSUPERO ENSINO SUPERIOR LTDA.,2415,6099229000101,UNIVERSIDADE PAULISTA,322,Universidade,SP,São Paulo,CAMPUS XI - TATUAPÉ,695414,São Paulo,SP,São Paulo,35061,3515,Metropolitana de São Paulo,"CURSOS DA ÁREA DE LICENCIATURA, PEDAGOGIA E NORMAL SUPERIOR","HISTÓRIA (LIC), GEOGRAFIA (LIC), EDUCAÇÃO FÍSICA (LIC) E CURSOS RELACIONADOS",134912,"569,36",5000421,EDUCAÇÃO FÍSICA,NOTURNO,Bacharelado,4,115,46,69,2," 37.231,89 "," 4.203,44 "," 4.671,42 "," 4.671,42 "," 4.671,42 "," 4.402,30 "," 4.716,75 "," 4.947,57 "," 4.947,57 ", -   , -   , -   , -   ," 27.265,67 ",250%," 2.942,41 "," 3.269,99 "," 3.269,99 "," 3.269,99 "," 3.081,61 "," 3.444,80 "," 3.993,44 "," 3.993,44 ", -   , -   , -   , -   
2022,1,SOCIEDADE DE EDUCACAO RITTER DOS REIS LTDA.,313,87248522000195,CENTRO UNIVERSITÁRIO RITTER DOS REIS,448,Centro Universitário,RS,Porto Alegre,Campus Zona Sul,657900,Porto Alegre,RS,Porto Alegre,43026,4305,Metropolitana de Porto Alegre,CURSOS DA ÁREA DE ENGENHARIA E CIÊNCIA DA COMPUTAÇÃO,"ENGENHARIA CIVIL E AMBIENTAL, ARQUITETURA E CURSOS RELACIONADOS",135761,"603,88",9264,ARQUITETURA E URBANISMO,NOTURNO,Bacharelado,3,170,51,0,0," 128.340,00 "," 12.834,00 "," 12.834,00 "," 12.834,00 "," 12.834,00 "," 12.834,00 "," 12.834,00 "," 12.834,00 "," 12.834,00 "," 12.834,00 "," 12.834,00 ", -   , -   ," 128.340,00 ",300%," 12.834,00 "," 12.834,00 "," 12.834,00 "," 12.834,00 "," 12.834,00 "," 12.834,00 "," 12.834,00 "," 12.834,00 "," 12.834,00 "," 12.834,00 ", -   , -   
2022,1,SOCIEDADE DE EDUCACAO NOSSA SENHORA DO PATROCINIO S/S LTDA,120,45466752000180,CENTRO UNIVERSITÁRIO NOSSA SENHORA DO PATROCÍNIO,1149,Centro Universitário,SP,Itu,UNIDADE ACADÊMICA DE SALTO - CAMPUS V,1884,Salto,SP,Sorocaba,35046,3512,Macro Metropolitana Paulista,CURSOS NAO PRIORITARIOS,"ADMINISTRAÇÃO, ADMINISTRAÇÃO PÚBLICA, GESTÃO, LOGÍSTICA, NEGÓCIOS E CURSOS RELACIONADOS",134762,"453,38",89168,GESTÃO DE RECURSOS HUMANOS,NOTURNO,Tecnológico,5,100,50,0,0," 16.601,58 "," 4.403,73 "," 3.897,06 "," 4.403,73 "," 3.897,06 ", -   , -   , -   , -   , -   , -   , -   , -   ," 11.596,18 ",300%," 2.639,81 "," 2.640,05 "," 3.179,07 "," 3.137,25 ", -   , -   , -   , -   , -   , -   , -   , -   
2022,1,FACULDADES BRASIL INTELIGENTE S/S LTDA,15942,17558597000197,Faculdade Cosmopolita,18077,Faculdade ,PA,Belém,UNIDADE SEDE,1061686,Belém,PA,Belém,15007,1503,Metropolitana de Belém,CURSOS DA AREA DE SAUDE,"ENFERMAGEM, FISIOTERAPIA, FARMÁCIA, NUTRIÇÃO E CURSOS RELACIONADOS",131824,"606,06",1208499,FISIOTERAPIA,MATUTINO,Bacharelado,4,50,20,30,8," 101.327,76 "," 8.550,36 "," 8.550,36 "," 9.277,14 "," 9.277,14 "," 10.065,66 "," 10.065,66 "," 10.921,20 "," 10.921,20 "," 11.849,52 "," 11.849,52 ", -   , -   ," 101.327,76 ",100%," 8.550,36 "," 8.550,36 "," 9.277,14 "," 9.277,14 "," 10.065,66 "," 10.065,66 "," 10.921,20 "," 10.921,20 "," 11.849,52 "," 11.849,52 ", -   , -   
2022,1,FUNDACAO UNIVERSIDADE DE CRUZ ALTA,311,92928845000160,UNIVERSIDADE DE CRUZ ALTA,446,Universidade,RS,Cruz Alta,POLO NA SEDE,1392,Cruz Alta,RS,Cruz Alta,43011,4301,Noroeste Rio-grandense,CURSOS NAO PRIORITARIOS,MEDICINA VETERINÁRIA,135614,"534,08",19005,MEDICINA VETERINÁRIA,INTEGRAL,Bacharelado,3,80,24,24,3," 171.120,00 "," 13.689,60 "," 17.112,00 "," 16.427,52 "," 17.796,48 "," 19.165,44 "," 19.165,44 "," 19.165,44 "," 18.480,96 "," 19.165,44 "," 10.951,68 ", -   , -   ," 162.570,00 ",100%," 13.005,60 "," 16.257,00 "," 15.606,72 "," 16.907,28 "," 18.207,84 "," 18.207,84 "," 18.207,84 "," 17.557,56 "," 18.207,84 "," 10.404,48 ", -   , -   
2022,1,SOCIEDADE EDUCACIONAL DO RIO GRANDE DO SUL,799,93316057000185,FACULDADE ESTÁCIO DO RIO GRANDE DO SUL - ESTÁCIO FARGS,1175,Faculdade ,RS,Porto Alegre,CENTRO (RS),1585,Porto Alegre,RS,Porto Alegre,43026,4305,Metropolitana de Porto Alegre,CURSOS DA AREA DE SAUDE,"ENFERMAGEM, FISIOTERAPIA, FARMÁCIA, NUTRIÇÃO E CURSOS RELACIONADOS",135740,"565,5",1405011,NUTRIÇÃO,NOTURNO,Bacharelado,3,50,15,35,0," 57.915,22 "," 6.239,52 "," 6.239,52 "," 6.863,47 "," 6.863,47 "," 7.549,82 "," 7.549,82 "," 8.304,80 "," 8.304,80 ", -   , -   , -   , -   ," 57.915,22 ",500%," 6.239,52 "," 6.239,52 "," 6.863,47 "," 6.863,47 "," 7.549,82 "," 7.549,82 "," 8.304,80 "," 8.304,80 ", -   , -   , -   , -   
2022,1,AMC - SERVICOS EDUCACIONAIS LTDA,143,43045772000152,UNIVERSIDADE SÃO JUDAS TADEU,203,Universidade,SP,São Paulo,UNIDADE BUTANTÃ,7609,São Paulo,SP,São Paulo,35061,3515,Metropolitana de São Paulo,CURSOS DA ÁREA DE ENGENHARIA E CIÊNCIA DA COMPUTAÇÃO,"ENGENHARIA CIVIL E AMBIENTAL, ARQUITETURA E CURSOS RELACIONADOS",134900,554,1188121,ENGENHARIA CIVIL,NOTURNO,Bacharelado,4,270,108,0,1," 136.584,00 "," 11.382,00 "," 11.382,00 "," 11.382,00 "," 11.382,00 "," 11.382,00 "," 11.382,00 "," 11.382,00 "," 11.382,00 "," 11.382,00 "," 11.382,00 "," 11.382,00 "," 11.382,00 "," 136.584,00 ",300%," 11.382,00 "," 11.382,00 "," 11.382,00 "," 11.382,00 "," 11.382,00 "," 11.382,00 "," 11.382,00 "," 11.382,00 "," 11.382,00 "," 11.382,00 "," 11.382,00 "," 11.382,00 "
2022,1,ASSUPERO ENSINO SUPERIOR LTDA.,2415,6099229000101,UNIVERSIDADE PAULISTA,322,Universidade,SP,São Paulo,JUNDIAI I,9545,Jundiaí,SP,Jundiaí,35047,3512,Macro Metropolitana Paulista,"CURSOS DA ÁREA DE LICENCIATURA, PEDAGOGIA E NORMAL SUPERIOR",PEDAGOGIA,134738,"547,36",59972,PEDAGOGIA,MATUTINO,Licenciatura,4,230,92,138,0," 24.803,40 "," 4.133,90 "," 4.133,90 "," 4.133,90 "," 4.133,90 "," 4.133,90 "," 4.133,90 ", -   , -   , -   , -   , -   , -   ," 17.362,38 ",250%," 2.893,73 "," 2.893,73 "," 2.893,73 "," 2.893,73 "," 2.893,73 "," 2.893,73 ", -   , -   , -   , -   , -   , -   
