NU_INSCRICAO,NU_ANO,TP_FAIXA_ETARIA,TP_SEXO,TP_ESTADO_CIVIL,TP_COR_RACA,TP_NACIONALIDADE,TP_ST_CONCLUSAO,TP_ANO_CONCLUIU,TP_ESCOLA,TP_ENSINO,IN_TREINEIRO,CO_MUNICIPIO_ESC,NO_MUNICIPIO_ESC,CO_UF_ESC,SG_UF_ESC,TP_DEPENDENCIA_ADM_ESC,TP_LOCALIZACAO_ESC,TP_SIT_FUNC_ESC,CO_MUNICIPIO_PROVA,NO_MUNICIPIO_PROVA,CO_UF_PROVA,SG_UF_PROVA,TP_PRESENCA_CN,TP_PRESENCA_CH,TP_PRESENCA_LC,TP_PRESENCA_MT,CO_PROVA_CN,CO_PROVA_CH,CO_PROVA_LC,CO_PROVA_MT,NU_NOTA_CN,NU_NOTA_CH,NU_NOTA_LC,NU_NOTA_MT,TX_RESPOSTAS_CN,TX_RESPOSTAS_CH,TX_RESPOSTAS_LC,TX_RESPOSTAS_MT,TP_LINGUA,TX_GABARITO_CN,TX_GABARITO_CH,TX_GABARITO_LC,TX_GABARITO_MT,TP_STATUS_REDACAO,NU_NOTA_COMP1,NU_NOTA_COMP2,NU_NOTA_COMP3,NU_NOTA_COMP4,NU_NOTA_COMP5,NU_NOTA_REDACAO,Q001,Q002,Q003,Q004,Q005,Q006,Q007,Q008,Q009,Q010,Q011,Q012,Q013,Q014,Q015,Q016,Q017,Q018,Q019,Q020,Q021,Q022,Q023,Q024,Q025
210059974471,2023,12,F,1,3,1,1,14,1,,0,,,,,,,,2700300,Arapiraca,27,AL,0,0,0,0,,,,,,,,,,,,,1,,,,,,,,,,,,C,D,A,A,3,B,A,B,C,A,A,B,A,A,A,A,A,A,B,A,A,C,A,B,B
210060811460,2023,7,F,1,3,1,1,4,1,,0,,,,,,,,2304400,Fortaleza,23,CE,0,1,1,0,,1192.0,1202.0,,,541.0,486.0,,,DDAABEADBCADAEBCBDCEEEACADACBDBCDCEBEABDBABCD,DCBAACCEADDACCBBCBBBEBCAAAADBEBEBDCDBEADDDAAE,,0,,DBAADEADCDCABABCDDEBAEABAECABAACECDAECBDAABCD,BBBDAABAEACCEEEDEACBCACAACAACAAAECBBEDBCCADBDEDDAC,,1.0,120.0,120.0,120.0,120.0,140.0,620.0,A,B,F,B,3,C,A,B,C,A,A,B,A,A,A,B,A,A,B,A,B,C,A,A,B
210060214119,2023,7,M,1,2,1,1,5,1,,0,,,,,,,,2908002,Coaraci,29,BA,0,0,0,0,,,,,,,,,,,,,0,,,,,,,,,,,,E,D,A,C,4,D,A,B,D,B,A,B,A,A,A,A,A,A,B,A,A,D,A,B,B
210058073308,2023,11,F,1,3,1,1,0,1,,0,,,,,,,,4104204,Campo Largo,41,PR,0,0,0,0,,,,,,,,,,,,,1,,,,,,,,,,,,B,C,B,F,4,C,A,B,C,A,A,B,A,B,B,B,A,B,C,A,B,D,A,A,B
210060801620,2023,3,F,1,3,1,1,1,1,,0,,,,,,,,3143302,Montes Claros,31,MG,1,1,1,1,1222.0,1191.0,1201.0,1212.0,590.5,579.3,588.7,563.5,DAABDDAACBCEACBBAEDECAEDCBAAEECEDBEADCCADBABC,CDCADCBBCDCEAADEBBDBABCCDADADCDEAADDBCDBEAADA,ACEBADACEEDBBDBABCDEDCCEECEDCABCABACCABCBEAAE,CCDCBBDCCABCEECCEEDBCCDBBABDBDABACADDEADBDBEC,1,CAAADCCCCDDDABDCACDBEEEDCEDAEECCDBEABDBABBAEB,CDAEECABAACEAADECBDAABCDCABADCDEABAABCDDEBADB,BBDABAAEBADACEEDCCDBADBDEDCCEBCACEACAACAACACBBEAAE,DCECACCBDECBEEABEABDDAADDABBBCCBCCDDAEBDADEEB,1.0,160.0,180.0,140.0,140.0,180.0,800.0,D,B,C,B,3,B,A,B,C,A,A,B,A,A,A,A,A,A,B,A,A,C,A,A,B
210060376441,2023,13,M,2,2,1,1,17,1,,0,,,,,,,,3106200,Belo Horizonte,31,MG,0,0,0,0,,,,,,,,,,,,,1,,,,,,,,,,,,C,D,B,B,3,A,A,B,C,A,A,B,A,B,A,B,A,A,B,A,A,C,A,B,A
210061244824,2023,3,F,1,1,1,2,0,2,1.0,0,3525904.0,Jundiaí,35.0,SP,2.0,1.0,1.0,3525904,Jundiaí,35,SP,1,1,1,1,1221.0,1193.0,1204.0,1211.0,435.9,522.8,507.4,469.6,ABABECBDBCBDDEAEBBBCEABCEBEBCEACBBEADCEACADDD,CCDEABBCBCDAAEEDBDDADCDDEACEDECEEDCBEECDABBCA,BDAECBBCDAEDCBACEADBBDCBEBADCCEEAEBBEDDCEDDED,CDACEDEDDBEEDDDABCCBACCBDEDDDECCCBBDCEEEABBBD,0,DBEABDABDCACDBECDDDBCAAABBACCCADEBECCCEDAEEED,ACEEABAADCDAADEABCDABCDCABCBDADEBAECABADBCDAE,DBABBAEBAAAACDACDEDAACADBADBCCEACCCEAAECBBEBCACEED,BCCDEEABCBEDCEABBEBDABDDADDADECAADDCCBEBEABCC,1.0,140.0,120.0,120.0,140.0,100.0,620.0,E,E,C,C,4,D,A,B,C,B,A,B,A,B,A,B,A,A,B,A,A,A,A,A,B
210059982340,2023,2,F,1,3,1,3,0,1,,1,,,,,,,,2411205,Santa Cruz,24,RN,1,1,1,1,1223.0,1194.0,1203.0,1213.0,531.2,580.7,563.7,597.7,CBDECDEBCDEBAAECBADEBDEDEDCDBCBECEBECCADBEBDC,AECACBCACEDCEADBEABADCEEBDDEADABCDCEBADCDAADE,BAACECAEABBDACABCBADACBADBCCEDEDABCBBAEBDECCD,ECDEEACAAEDCCCBDCABDCDBCBADEAECDECDCACBCDABAA,1,CEDAEEDEECCEBADCCCABBABCAACDDDACDBEABDCDBEABD,ABCDCBDACDAEACEECABADBEABADEBAABCDCABADCDAADE,BDBBABAAAEAAECBBEAACAAACEACBCACCCEDEDADBDBEEDDACCC,EBDEEBDADDABCCBCCABBADDBDDAEAEABCBEDECADCECCB,1.0,120.0,120.0,120.0,120.0,120.0,600.0,C,E,A,A,4,B,A,B,C,B,B,B,A,A,A,B,A,A,B,A,A,D,A,A,B
210061348783,2023,3,M,1,3,1,2,0,2,1.0,0,5103403.0,Cuiabá,51.0,MT,2.0,1.0,1.0,5103403,Cuiabá,51,MT,1,1,1,1,1224.0,1192.0,1202.0,1214.0,451.0,479.1,504.1,405.5,BABEDEBBDEBAEDDEEDCBBECAAABCDCCBAEADECAABCEAE,CAADADDBCBCBBABBADBBDECAEBCDBDABECEBDABDBABDD,ACDEBCBDAEDAACCBACDDAACDAAAECDCECBBABBEADABAE,DCECBEDBEEAEBDBACBBBECEABABECDBABEEBBDEEDDCBC,1,CDDDABBABDBEABDECCEEEDCEDAEBABDCCAACCCADACDBE,DBAADEADCDCABABCDDEBAEABAECABAACECDAECBDAABCD,BBBDAABAEACCEEEDEACBCACAACAACAAAECBBEDBCCADBDEDDAC,EBDADDAEBEACBEDCECCBEABCADEBCCBCCDEBDDAABBADD,1.0,80.0,40.0,40.0,80.0,40.0,280.0,D,E,C,B,4,D,A,C,D,A,A,B,B,B,A,B,A,A,C,A,B,E,A,A,B
210061234985,2023,11,F,1,1,1,1,8,1,,0,,,,,,,,4300604,Alvorada,43,RS,1,1,1,1,1222.0,1191.0,1201.0,1212.0,475.3,579.7,561.7,647.9,DADEEECAABBADECABDEAEBEACEBCEEDBEBCBBDAADBCDB,CEBEDCEEAACEAADECBCADECDCABBDCDACAAEBEDBBBCDE,BCDCBCEAAEDCEBBADCDEBCADEBADCABBBCAAEABBBEAAE,BECCABABDACBBCEBEDBADACDBABDCDAACCBEDEADADDEA,0,CAAADCCCCDDDABDCACDBEEEDCEDAEECCDBEABDBABBAEB,CDAEECABAACEAADECBDAABCDCABADCDEABAABCDDEBADB,BBDABAAEBADACEEDCCDBADBDEDCCEBCACEACAACAACACBBEAAE,DCECACCBDECBEEABEABDDAADDABBBCCBCCDDAEBDADEEB,1.0,120.0,120.0,80.0,100.0,0.0,420.0,C,E,C,D,2,C,A,B,B,A,A,B,B,B,A,B,A,A,B,A,A,C,A,A,B
210058387362,2023,5,F,1,3,1,1,3,1,,0,,,,,,,,5213087,Minaçu,52,GO,1,1,1,1,1221.0,1193.0,1204.0,1211.0,586.4,600.2,606.2,693.5,DBEEBDCCDCCEDEACABACCDDBABDCBBEDACDCECBDEBEAC,ACECACCBDCDABEEECAEABCDEABCECADEAAEAABBDBCDAE,AEBAECACCACDEDBCCADBADBCCABDCBEAAEBBBEBCACAED,ACDCDEDBABCDCECBDECDABDDBADDDBCCDDBCBCECDAEDC,1,DBEABDABDCACDBECDDDBCAAABBACCCADEBECCCEDAEEED,ACEEABAADCDAADEABCDABCDCABCBDADEBAECABADBCDAE,DBABBAEBAAAACDACDEDAACADBADBCCEACCCEAAECBBEBCACEED,BCCDEEABCBEDCEABBEBDABDDADDADECAADDCCBEBEABCC,1.0,160.0,200.0,160.0,200.0,200.0,920.0,G,F,D,B,4,G,A,B,D,B,B,B,B,A,A,B,A,A,B,A,A,E,A,A,B
210059959487,2023,4,F,1,1,1,1,1,1,,0,,,,,,,,4119152,Pinhais,41,PR,1,1,1,1,1222.0,1191.0,1201.0,1212.0,454.9,503.6,522.0,350.9,EADCEDCEAEBEDABDBBEDBDEBCABDCEEBCBEBBCDEABCED,CDCEBBDDCEAEDADECBCBACBDDADEBC.AEACCBDEEBDDDB,BADBDAECADDCDDBABCDCDEBBBDACAADBBDADDACABBAAE,CDBDADEEAAABDDEDADABDABAAEACCABCECCADDECBDDDE,0,CAAADCCCCDDDABDCACDBEEEDCEDAEECCDBEABDBABBAEB,CDAEECABAACEAADECBDAABCDCABADCDEABAABCDDEBADB,BBDABAAEBADACEEDCCDBADBDEDCCEBCACEACAACAACACBBEAAE,DCECACCBDECBEEABEABDDAADDABBBCCBCCDDAEBDADEEB,1.0,100.0,120.0,120.0,100.0,40.0,480.0,B,C,C,B,2,D,A,B,C,A,A,B,A,B,A,A,A,A,B,A,A,C,A,A,B
210061103970,2023,13,M,0,2,1,1,17,1,,0,,,,,,,,3304557,Rio de Janeiro,33,RJ,1,1,1,1,1221.0,1193.0,1204.0,1211.0,485.9,563.2,586.6,421.7,EBEBECDECDBEAEAEEBBCDADBABDCDAEECADCECDBAEDCB,ACEEEEAADCDDADEDBEEAECCDCDCACAEEBEEAADBDCCEBD,ADEADEACDACDEDBACADDDDBCBDACCEEAAEABCEBBAEEED,CCAEEBAEABDCDCDACEABADBCDEEDEDABDDBABCAECECAB,1,DBEABDABDCACDBECDDDBCAAABBACCCADEBECCCEDAEEED,ACEEABAADCDAADEABCDABCDCABCBDADEBAECABADBCDAE,DBABBAEBAAAACDACDEDAACADBADBCCEACCCEAAECBBEBCACEED,BCCDEEABCBEDCEABBEBDABDDADDADECAADDCCBEBEABCC,1.0,120.0,140.0,120.0,160.0,140.0,680.0,B,B,B,B,2,C,A,B,B,B,A,B,B,B,A,B,A,A,B,A,A,C,A,B,B
210061244840,2023,4,F,1,3,1,1,2,1,,0,,,,,,,,5002704,Campo Grande,50,MS,0,0,0,0,,,,,,,,,,,,,0,,,,,,,,,,,,E,E,B,B,5,C,A,B,C,A,A,B,B,B,B,B,A,A,C,A,A,D,A,A,B
210059602756,2023,11,F,1,3,1,1,9,1,,0,,,,,,,,3541406,Presidente Prudente,35,SP,1,1,1,1,1223.0,1194.0,1203.0,1213.0,625.1,597.5,596.5,589.2,EEDECEBEBCDABACAEADADCECEDCDBACEEEEABECDBEABE,ABCDBBDBCDAEADDBCABADAEADADBBCABEECEBAEBDAADE,BDBEAEAEDBBEAACACBCEDCBBACCAADCDADCDBAEDDADBC,AADDEADACDACCCECDACDBDBDCDDCDDBECCCABCCEBCBDB,0,CEDAEEDEECCEBADCCCABBABCAACDDDACDBEABDCDBEABD,ABCDCBDACDAEACEECABADBEABADEBAABCDCABADCDAADE,BDBBABAAAEAAECBBEAACAAACEACBCACCCEDEDADBDBEEDDACCC,EBDEEBDADDABCCBCCABBADDBDDAEAEABCBEDECADCECCB,1.0,100.0,120.0,100.0,120.0,80.0,520.0,B,B,C,B,1,C,A,B,B,A,B,B,A,A,A,B,A,A,A,A,A,B,A,A,A
210058387369,2023,4,M,1,3,1,3,0,1,,1,,,,,,,,2201200,Barras,22,PI,1,1,1,1,1224.0,1192.0,1202.0,1214.0,417.9,442.4,343.7,360.6,BACABCBCDCBCBECCEDBAAECBBCBECCCBEBACBBCCCCCCE,DACACCDAEBAEBDBBADCBBEEBBCACDCABACAABBADBABAD,CDAAACEBCDCADBDBABDECDAABCBABDCBCBEBABEDBCBCA,BDAEDCBBBABECBEBCCCBCCCACABBBAEEADDBDDBCBCCBB,0,CDDDABBABDBEABDECCEEEDCEDAEBABDCCAACCCADACDBE,DBAADEADCDCABABCDDEBAEABAECABAACECDAECBDAABCD,BBBDAABAEACCEEEDEACBCACAACAACAAAECBBEDBCCADBDEDDAC,EBDADDAEBEACBEDCECCBEABCADEBCCBCCDEBDDAABBADD,1.0,80.0,120.0,80.0,80.0,120.0,480.0,B,C,A,B,4,B,B,B,D,A,C,B,A,B,A,B,A,A,B,A,A,D,A,A,B
210058941506,2023,11,F,1,3,1,1,12,1,,0,,,,,,,,3143302,Montes Claros,31,MG,0,0,0,0,,,,,,,,,,,,,0,,,,,,,,,,,,F,E,D,D,4,J,A,C,E,B,B,B,A,B,A,A,A,A,B,B,A,D,A,B,B
210060227216,2023,10,F,1,3,1,1,4,1,,0,,,,,,,,3305554,Seropédica,33,RJ,1,1,1,1,1223.0,1194.0,1203.0,1213.0,467.3,471.8,463.6,434.4,CBADDAEBCBEDCEEDADCADCBAEDCBCDEDDCDDBAEEBECED,ABCCEADAAEEDCABAADDADBECBAEAADCBCDBDBCEBCDCBE,EAABADABECBEBCCADBDDEBDADCDAEDBABBCBBEDBEABDD,EDDABCDADEECEDBAADCEACDEBCADAEBCDACEBBCBEDCCE,1,CEDAEEDEECCEBADCCCABBABCAACDDDACDBEABDCDBEABD,ABCDCBDACDAEACEECABADBEABADEBAABCDCABADCDAADE,BDBBABAAAEAAECBBEAACAAACEACBCACCCEDEDADBDBEEDDACCC,EBDEEBDADDABCCBCCABBADDBDDAEAEABCBEDECADCECCB,1.0,120.0,120.0,100.0,120.0,40.0,500.0,B,E,F,B,2,B,A,B,C,A,A,B,A,A,A,A,A,A,B,A,A,B,A,A,B
210059993984,2023,8,M,1,3,1,1,4,1,,0,,,,,,,,1501808,Breves,15,PA,1,1,1,1,1222.0,1191.0,1201.0,1212.0,404.9,467.8,468.9,403.2,EECADBBEADCAEBBDDCCDEEAABBECECDDABDCEDACEBBBA,DAEEAADBDABEAEDEAECBABCEAEBADDCEEABAEAABAADEA,CEDAADAAEEDBDBDDACDEAEAAEDBCDBABCCADDACAECAAE,ABAEBEBCDDEBDAEAADACEDEEBDBABEACBDBBDDAACDBEE,1,CAAADCCCCDDDABDCACDBEEEDCEDAEECCDBEABDBABBAEB,CDAEECABAACEAADECBDAABCDCABADCDEABAABCDDEBADB,BBDABAAEBADACEEDCCDBADBDEDCCEBCACEACAACAACACBBEAAE,DCECACCBDECBEEABEABDDAADDABBBCCBCCDDAEBDADEEB,1.0,80.0,120.0,120.0,120.0,40.0,480.0,B,F,D,B,6,A,A,B,B,A,A,B,A,A,A,A,A,A,A,A,A,A,A,A,A
210059980957,2023,14,F,1,3,1,1,17,1,,0,,,,,,,,1501402,Belém,15,PA,0,0,0,0,,,,,,,,,,,,,1,,,,,,,,,,,,B,B,A,A,1,A,A,B,D,A,A,B,A,B,A,A,A,A,B,A,A,B,A,A,B
210059982348,2023,11,F,1,3,1,1,8,1,,0,,,,,,,,3200102,Afonso Cláudio,32,ES,0,0,0,0,,,,,,,,,,,,,0,,,,,,,,,,,,C,E,C,C,3,B,A,B,C,A,B,B,A,A,A,A,A,A,B,A,A,D,A,A,B
210059855126,2023,6,F,1,3,1,1,4,1,,0,,,,,,,,2930154,Serra do Ramalho,29,BA,0,0,0,0,,,,,,,,,,,,,0,,,,,,,,,,,,E,E,A,A,6,B,A,B,D,A,B,B,A,A,A,A,A,A,B,A,A,E,A,A,B
210059855129,2023,3,F,1,1,1,2,0,2,1.0,0,4316006.0,Rolante,43.0,RS,1.0,1.0,1.0,4314050,Parobé,43,RS,1,1,1,1,1222.0,1191.0,1201.0,1212.0,443.9,500.8,512.7,409.1,ABBBDBEDECAAECCDAEDECACDEADCADABDBDDCBBDBDABC,CDEABCDECAEDAADEAACAABBDBCBCDBDECEAAAECBBBEBD,EAEBACBCAEDAABBCACDEBDAEDCBDCBEEABADCACCBEAAD,EBDDCBACCBEADBDCBECBCABDCBDACBDBCBCDEEAEBDCCD,1,CAAADCCCCDDDABDCACDBEEEDCEDAEECCDBEABDBABBAEB,CDAEECABAACEAADECBDAABCDCABADCDEABAABCDDEBADB,BBDABAAEBADACEEDCCDBADBDEDCCEBCACEACAACAACACBBEAAE,DCECACCBDECBEEABEABDDAADDABBBCCBCCDDAEBDADEEB,1.0,120.0,200.0,120.0,140.0,140.0,720.0,H,G,F,D,1,B,A,B,B,A,A,B,B,A,A,A,A,A,A,A,A,A,A,A,B
210059589802,2023,13,F,1,3,1,1,17,1,,0,,,,,,,,2211001,Teresina,22,PI,0,0,0,0,,,,,,,,,,,,,1,,,,,,,,,,,,E,E,D,D,3,B,A,B,D,A,A,B,A,B,A,A,A,A,C,A,A,D,A,B,B
210060373837,2023,7,F,1,1,1,1,4,1,,0,,,,,,,,2408102,Natal,24,RN,1,1,1,1,1221.0,1193.0,1204.0,1211.0,534.2,360.7,531.4,477.1,EBEEECEBAEAEAEEAECAEEEDEEDCDCECECCEDDCEDABECB,AEEDBBBDABACDABADBAEABDAABBADBCADBDCACCAADADE,AEBADCBECAAACBAAEAABDBCCDEEEDBEDAECBBEDBACAED,CDAECDCECAAECCBAAEEB.BAD.DCBD.BACCECBAECBADEC,1,DBEABDABDCACDBECDDDBCAAABBACCCADEBECCCEDAEEED,ACEEABAADCDAADEABCDABCDCABCBDADEBAECABADBCDAE,DBABBAEBAAAACDACDEDAACADBADBCCEACCCEAAECBBEBCACEED,BCCDEEABCBEDCEABBEBDABDDADDADECAADDCCBEBEABCC,1.0,160.0,180.0,160.0,180.0,160.0,840.0,B,D,C,B,2,B,A,B,B,A,A,B,A,A,A,B,A,A,B,A,A,C,A,B,B
210059589792,2023,11,F,1,3,1,1,12,1,,0,,,,,,,,5300108,Brasília,53,DF,0,0,0,0,,,,,,,,,,,,,1,,,,,,,,,,,,E,E,B,B,2,B,A,B,B,A,A,B,A,A,A,B,A,A,B,A,A,B,A,A,B
210059982320,2023,9,F,1,1,1,1,7,1,,0,,,,,,,,2507507,João Pessoa,25,PB,0,0,0,0,,,,,,,,,,,,,1,,,,,,,,,,,,H,E,F,B,1,B,A,B,B,A,A,B,B,A,A,A,A,A,B,A,A,B,A,A,B
210058575148,2023,2,F,1,3,1,3,0,1,,1,,,,,,,,2931350,Teixeira de Freitas,29,BA,1,1,1,1,1224.0,1192.0,1202.0,1214.0,500.1,575.0,539.6,460.2,BEBAEABAABBEEEDDEDEEBDCAAAACCBCEBEDCCCEEDECBA,DAAADEEDCBCABDBBEBEBBDECACADEAACDCEADCBDDABCD,ABAECAAEEEDBECBCABEADAADAAADCCECDBBDAADDEDDAD,EDCBADDEDADDADBBDBCBBBAAEEDAACAECEBCCCDDBDECC,1,CDDDABBABDBEABDECCEEEDCEDAEBABDCCAACCCADACDBE,DBAADEADCDCABABCDDEBAEABAECABAACECDAECBDAABCD,BBBDAABAEACCEEEDEACBCACAACAACAAAECBBEDBCCADBDEDDAC,EBDADDAEBEACBEDCECCBEABCADEBCCBCCDEBDDAABBADD,1.0,160.0,200.0,160.0,180.0,160.0,860.0,E,D,A,B,5,E,A,B,D,B,B,B,A,B,A,A,A,A,B,A,A,D,A,B,B
210059540808,2023,7,F,1,3,1,1,0,1,,0,,,,,,,,2313401,Tianguá,23,CE,1,1,1,1,1223.0,1194.0,1203.0,1213.0,0.0,314.7,450.4,0.0,.............................................,EAEBBDAACACABEBBAEEADABAAACCBBBCBABCCBABEABCD,DAACCCAEBBBEBAEBAEEADBBBCDACEBBACCADAEBAABDBC,.............................................,1,CEDAEEDEECCEBADCCCABBABCAACDDDACDBEABDCDBEABD,ABCDCBDACDAEACEECABADBEABADEBAABCDCABADCDAADE,BDBBABAAAEAAECBBEAACAAACEACBCACCCEDEDADBDBEEDDACCC,EBDEEBDADDABCCBCCABBADDBDDAEAEABCBEDECADCECCB,1.0,100.0,100.0,80.0,60.0,80.0,420.0,H,E,F,F,1,B,A,B,B,A,A,B,A,A,A,A,A,A,B,A,A,B,A,A,A
210059974502,2023,11,M,1,1,1,1,7,1,,0,,,,,,,,3113404,Caratinga,31,MG,1,1,1,1,1223.0,1194.0,1203.0,1213.0,506.4,603.5,504.4,468.3,ECDABDCCBBBACEDDBABEECADBDABAAECDDDACCDDBEEBB,ABCDCBDACDAEACDDCACCDAEACADAAAEEADCABADCDABDE,CEBBDAAECCEEACEAECBBACBBABABDDCABAABBAEDAAAAD,EDDBEDEBDCDACDCCBDCACBCCCBDCDBBBEDCEADDDBDCAA,0,CEDAEEDEECCEBADCCCABBABCAACDDDACDBEABDCDBEABD,ABCDCBDACDAEACEECABADBEABADEBAABCDCABADCDAADE,BDBBABAAAEAAECBBEAACAAACEACBCACCCEDEDADBDBEEDDACCC,EBDEEBDADDABCCBCCABBADDBDDAEAEABCBEDECADCECCB,1.0,120.0,200.0,140.0,180.0,160.0,800.0,B,B,A,A,3,C,A,B,B,A,B,B,A,A,A,A,A,A,B,A,A,B,A,A,B
210061103958,2023,5,F,1,2,2,1,2,1,,0,,,,,,,,5103403,Cuiabá,51,MT,0,0,0,0,,,,,,,,,,,,,1,,,,,,,,,,,,B,E,B,D,4,G,A,C,D,B,A,B,B,B,B,B,A,A,D,A,A,D,A,B,B
210058061541,2023,3,F,1,2,1,1,1,1,,0,,,,,,,,2929305,São Gonçalo dos Campos,29,BA,1,1,1,1,1224.0,1192.0,1202.0,1214.0,583.3,657.0,596.2,700.8,CEBACBBEACBEEBDEADEEABCBDAACACBDCEACBAEEDBBED,DAAADEADCDCCBEBEEDEBBAABAECDBEACDCDAECBAAABCD,BEDDACDEAEDCAEBAACABABACAEAECBBEDDCEADBDCDCAC,CBDAADCEBEDCABDDECCCEABCDDDCBCACCDEBBCDDAEDBC,0,CDDDABBABDBEABDECCEEEDCEDAEBABDCCAACCCADACDBE,DBAADEADCDCABABCDDEBAEABAECABAACECDAECBDAABCD,BBBDAABAEACCEEEDEACBCACAACAACAAAECBBEDBCCADBDEDDAC,EBDADDAEBEACBEDCECCBEABCADEBCCBCCDEBDDAABBADD,1.0,160.0,200.0,180.0,200.0,180.0,920.0,E,E,D,C,4,H,A,D,D,B,B,B,A,B,A,B,A,A,D,B,A,E,A,B,B
210059982357,2023,10,M,1,1,1,1,8,1,,0,,,,,,,,2307650,Maracanaú,23,CE,0,0,0,0,,,,,,,,,,,,,0,,,,,,,,,,,,C,C,C,B,1,B,A,B,A,A,A,A,A,B,A,A,A,A,A,A,A,B,A,B,B
210060441005,2023,9,M,1,2,1,1,5,1,,0,,,,,,,,2707701,Rio Largo,27,AL,0,0,0,0,,,,,,,,,,,,,1,,,,,,,,,,,,E,C,D,B,7,C,A,B,C,A,A,B,A,B,A,B,A,A,B,A,A,D,A,A,B
210058061546,2023,3,F,1,1,1,1,1,1,,0,,,,,,,,2507507,João Pessoa,25,PB,1,1,1,1,1222.0,1191.0,1201.0,1212.0,542.0,546.4,533.5,444.8,CECADADACECEBCADBEDEDEDDCDEAEECDDBDEEACBEBDBA,DEAADBACACEEAADECADBEBCDCEBADCDEEAADCCBBDBBDB,BDDBBAEAAEBCCDBAEDDEDABACBDCAACDAAAACADCBEAAE,CCDDBEBADDBCDBDCDACCDECACBCEABBEDDDBCDBEAECEC,1,CAAADCCCCDDDABDCACDBEEEDCEDAEECCDBEABDBABBAEB,CDAEECABAACEAADECBDAABCDCABADCDEABAABCDDEBADB,BBDABAAEBADACEEDCCDBADBDEDCCEBCACEACAACAACACBBEAAE,DCECACCBDECBEEABEABDDAADDABBBCCBCCDDAEBDADEEB,1.0,140.0,140.0,100.0,120.0,100.0,600.0,C,G,C,A,4,C,A,C,C,A,B,B,B,B,A,A,A,A,B,A,A,C,A,B,B
210059982331,2023,11,F,1,3,1,1,6,1,,0,,,,,,,,1600600,Santana,16,AP,1,1,1,1,1223.0,1194.0,1203.0,1213.0,393.0,501.7,511.6,349.0,CBECCACDDBEBBEBCEABBBDADEBAECCDBEBDBCCBEDEBBC,ABBDCCCBCDBECBBCADEBDDECAAACBDDEDDCCEADCCAEDC,AABACCAECBBEAECBBBCAECAEACBAECDBBBDCBAEDCACBC,CAEADEADBDDCEDCBAECCDBADBBDBEBECBBDABDBDCBDBD,1,CEDAEEDEECCEBADCCCABBABCAACDDDACDBEABDCDBEABD,ABCDCBDACDAEACEECABADBEABADEBAABCDCABADCDAADE,BDBBABAAAEAAECBBEAACAAACEACBCACCCEDEDADBDBEEDDACCC,EBDEEBDADDABCCBCCABBADDBDDAEAEABCBEDECADCECCB,1.0,100.0,120.0,120.0,120.0,60.0,520.0,C,D,A,A,1,A,A,B,B,A,A,B,A,A,A,A,A,A,B,A,A,B,A,A,A
210060376442,2023,3,F,1,1,1,1,1,1,,0,,,,,,,,2903201,Barreiras,29,BA,0,0,0,0,,,,,,,,,,,,,0,,,,,,,,,,,,C,C,A,B,4,C,A,B,C,B,B,B,B,B,A,A,A,A,B,A,A,D,A,A,B
210059246996,2023,3,F,1,1,1,2,0,2,1.0,0,,,,,,,,3204559,Santa Maria de Jetibá,32,ES,1,1,1,1,1221.0,1193.0,1204.0,1211.0,505.1,567.3,548.1,541.8,EBEBBCBCCDBAEBCADBAABEDABBADCEAEBBEEDCDBCDBAC,ACEEABDECCDADDEACCEABCCEEBCDAADABDAAEEBDACDBE,ADBABCAADBCDDABEEADBBBBCEAAECCEAABEBBEBCEDAED,CCBDCEBDEBEBDEACAEECDCBCADEAEBDBACACCCEECACBC,1,DBEABDABDCACDBECDDDBCAAABBACCCADEBECCCEDAEEED,ACEEABAADCDAADEABCDABCDCABCBDADEBAECABADBCDAE,DBABBAEBAAAACDACDEDAACADBADBCCEACCCEAAECBBEBCACEED,BCCDEEABCBEDCEABBEBDABDDADDADECAADDCCBEBEABCC,1.0,160.0,200.0,160.0,200.0,200.0,920.0,B,B,F,B,3,C,A,B,D,A,B,B,B,A,A,B,A,A,B,B,A,D,A,B,B
210060811467,2023,8,F,1,3,1,1,6,1,,0,,,,,,,,2800308,Aracaju,28,SE,1,1,1,1,1222.0,1191.0,1201.0,1212.0,512.7,518.2,541.3,493.0,ACBDECBAADCBBDCABEDEABDCCBEAEEADDBEBDCAEECBEA,CEAEECACDABADCDEBACBADCBCADEDCDCBABACCBDCADDB,AADEACEAADDCBBBADBDEDCAEBACCBDCABCAAEABDCBAAE,DBCAEEACDBACDCBDBEACBADABCEDBDACCEDADEDDADEEC,1,CAAADCCCCDDDABDCACDBEEEDCEDAEECCDBEABDBABBAEB,CDAEECABAACEAADECBDAABCDCABADCDEABAABCDDEBADB,BBDABAAEBADACEEDCCDBADBDEDCCEBCACEACAACAACACBBEAAE,DCECACCBDECBEEABEABDDAADDABBBCCBCCDDAEBDADEEB,1.0,120.0,120.0,120.0,120.0,120.0,600.0,D,D,C,A,1,B,A,B,B,A,A,B,A,A,A,A,A,A,B,A,A,B,A,A,B
210058061537,2023,4,M,1,3,1,1,1,1,,0,,,,,,,,2927408,Salvador,29,BA,1,1,1,1,1221.0,1193.0,1204.0,1211.0,542.5,554.1,535.2,638.2,DBBBDCECBCCBEBECAACDDEDAACCCDEEAACDDBCDDACDDB,ACDCEBBBACBEDDEABCAABCBCCBCBDADBBBDDDCADBBD.D,DBDBCCBADECDDDACDADBBCBCDBAECBECABDCBECAECADD,BCDDABCBCEADAEADBEACACBDDAEECBCACDDCBBEDCCADC,0,DBEABDABDCACDBECDDDBCAAABBACCCADEBECCCEDAEEED,ACEEABAADCDAADEABCDABCDCABCBDADEBAECABADBCDAE,DBABBAEBAAAACDACDEDAACADBADBCCEACCCEAAECBBEBCACEED,BCCDEEABCBEDCEABBEBDABDDADDADECAADDCCBEBEABCC,1.0,120.0,200.0,160.0,200.0,180.0,860.0,E,E,F,D,2,D,A,B,C,A,A,B,B,A,A,B,A,A,B,A,B,C,A,B,B
210059388102,2023,4,F,1,3,1,1,1,1,,0,,,,,,,,2309458,Ocara,23,CE,0,0,0,0,,,,,,,,,,,,,1,,,,,,,,,,,,E,E,B,A,3,B,A,B,D,A,B,B,A,A,A,A,A,A,B,A,A,C,A,A,B
210061234981,2023,7,M,4,1,1,1,4,1,,0,,,,,,,,2301109,Aracati,23,CE,1,1,1,1,1222.0,1191.0,1201.0,1212.0,494.5,590.2,617.4,503.4,AADCECDACBCBEABDBEBEADEBCBDADBADEBDBDCBADBCBE,EDBECABBDACEAAEECBCAABCCDABAABAEBECBBCEDEBADE,ADEBDDCAEEDCEBBADCDEDCCEBDACABCABDAACACBBEEAE,CEBABDCBDADDEDACDDCCBEDDCABBBBCDACCDDDDDEDAEE,1,CAAADCCCCDDDABDCACDBEEEDCEDAEECCDBEABDBABBAEB,CDAEECABAACEAADECBDAABCDCABADCDEABAABCDDEBADB,BBDABAAEBADACEEDCCDBADBDEDCCEBCACEACAACAACACBBEAAE,DCECACCBDECBEEABEABDDAADDABBBCCBCCDDAEBDADEEB,1.0,120.0,120.0,120.0,100.0,100.0,560.0,C,C,B,A,2,B,A,B,C,A,A,B,B,A,A,A,A,A,C,A,A,C,A,B,B
210059589794,2023,9,M,1,3,1,1,5,1,,0,,,,,,,,1600600,Santana,16,AP,0,0,0,0,,,,,,,,,,,,,1,,,,,,,,,,,,E,E,C,B,5,B,D,B,C,A,A,B,A,B,A,A,A,A,B,A,A,E,A,A,B
210061348799,2023,3,F,1,1,2,2,0,2,1.0,0,,,,,,,,2302701,Campos Sales,23,CE,1,1,1,1,1221.0,1193.0,1204.0,1211.0,520.4,593.1,575.3,548.3,DBDCCCEECABABEACECBBEACDDBADCEECBBCBECBDADADE,ACEECACADCDABDEADCBAECDCEBCBDBCEBAEAEBBDDCEAD,CEBABABBDEAAEAAADADDCDACCBACCCDEADDBBEBBACEED,BAECCEAEEADBDEDBACEBABBAABDDDCCCDEAEDBDEACBCC,1,DBEABDABDCACDBECDDDBCAAABBACCCADEBECCCEDAEEED,ACEEABAADCDAADEABCDABCDCABCBDADEBAECABADBCDAE,DBABBAEBAAAACDACDEDAACADBADBCCEACCCEAAECBBEBCACEED,BCCDEEABCBEDCEABBEBDABDDADDADECAADDCCBEBEABCC,1.0,160.0,200.0,160.0,180.0,200.0,900.0,B,D,B,B,2,B,A,A,B,A,A,B,A,A,A,A,A,A,A,A,A,B,A,A,B
210061244803,2023,4,F,1,3,1,1,1,1,,0,,,,,,,,1501402,Belém,15,PA,1,1,1,1,1221.0,1193.0,1204.0,1211.0,416.1,529.3,545.9,384.3,EBDBBCBADDBAECECEBADAEDAEBCAECCDBBCEDABBDAAAD,DCEEDAAECBDAAECDBDAEECDCEDBBDAAEBADADCCBBCDDE,BDBADABEDACDCBAECADBDEABCEACCAEEBDABBEBBECBEE,CECCDABCDDECDDBCDAEBCEDDACABCCEBCDACDECCAECCD,1,DBEABDABDCACDBECDDDBCAAABBACCCADEBECCCEDAEEED,ACEEABAADCDAADEABCDABCDCABCBDADEBAECABADBCDAE,DBABBAEBAAAACDACDEDAACADBADBCCEACCCEAAECBBEBCACEED,BCCDEEABCBEDCEABBEBDABDDADDADECAADDCCBEBEABCC,1.0,120.0,120.0,120.0,120.0,40.0,520.0,H,E,F,B,7,B,A,B,C,A,A,B,B,B,A,A,A,A,B,A,B,E,A,A,B
210059246980,2023,3,M,1,4,1,2,0,2,1.0,0,2304400.0,Fortaleza,23.0,CE,2.0,1.0,1.0,2304400,Fortaleza,23,CE,1,1,1,1,1223.0,1194.0,1203.0,1213.0,399.5,357.0,474.9,493.4,DDBABACEABABCBDCDBBDBCEAEBADBCCBADBBCCEDDBDDD,DEDBEBEBCDDEABEAECDDAAEEADDACEDAEDEEECDDEEECE,DBBBDDAEDCCECBBABBEEBBEDEDCEECEAEACEBEEEEECAC,BADACDDABDDACDCACCCDDCACADADCBABBCACBCADACDAC,0,CEDAEEDEECCEBADCCCABBABCAACDDDACDBEABDCDBEABD,ABCDCBDACDAEACEECABADBEABADEBAABCDCABADCDAADE,BDBBABAAAEAAECBBEAACAAACEACBCACCCEDEDADBDBEEDDACCC,EBDEEBDADDABCCBCCABBADDBDDAEAEABCBEDECADCECCB,1.0,140.0,120.0,120.0,120.0,40.0,540.0,D,G,C,D,4,C,A,B,E,B,A,B,B,B,B,B,A,A,D,A,A,E,A,A,B
210059602766,2023,6,F,1,1,1,1,2,1,,0,,,,,,,,1501402,Belém,15,PA,1,1,1,1,1222.0,1191.0,1201.0,1212.0,476.7,588.7,555.6,590.2,CEEBADDACECDABBACBDAEAEBDCDAEABBECADAECADCEEC,CDAEBCCABAAEEBDECBDAABECCABADCDECBBABEEDBBDDE,CCEABCBCEEDCDDBADABBDCBECBECCACCDDAACDBBBEAEE,ACEDEBDBCBDCAEDBDBCCCEADADAEBDBBCCEDEEDAAEDEB,0,CAAADCCCCDDDABDCACDBEEEDCEDAEECCDBEABDBABBAEB,CDAEECABAACEAADECBDAABCDCABADCDEABAABCDDEBADB,BBDABAAEBADACEEDCCDBADBDEDCCEBCACEACAACAACACBBEAAE,DCECACCBDECBEEABEABDDAADDABBBCCBCCDDAEBDADEEB,1.0,160.0,200.0,120.0,140.0,160.0,780.0,C,E,B,B,3,B,A,B,C,A,A,B,A,B,A,A,A,A,B,A,A,D,A,A,B
210059246995,2023,4,F,1,1,1,1,1,1,,0,,,,,,,,5300108,Brasília,53,DF,1,1,1,1,1223.0,1194.0,1203.0,1213.0,585.5,626.3,593.8,487.1,CCDACDBCECBBBADDEEDABCDDEBCEBADEBEECCBADBEADC,ABCDCBCACDCEACEECBEBDBCBBEEEBDDBCDCCDADCDAADE,DCBBAAAEEBBEAACBCBBDAEBCEDCAEDEDADAEBEEDDACBC,EDDCCDEABDDBBDBDEBABBCACBDECDEABEADDCEBDCAADA,0,CEDAEEDEECCEBADCCCABBABCAACDDDACDBEABDCDBEABD,ABCDCBDACDAEACEECABADBEABADEBAABCDCABADCDAADE,BDBBABAAAEAAECBBEAACAAACEACBCACCCEDEDADBDBEEDDACCC,EBDEEBDADDABCCBCCABBADDBDDAEAEABCBEDECADCECCB,1.0,160.0,140.0,160.0,160.0,160.0,780.0,C,E,C,B,4,B,A,B,C,A,A,B,A,A,A,A,A,A,B,A,A,E,A,A,B
210059085160,2023,7,F,1,3,1,1,5,1,,0,,,,,,,,1200401,Rio Branco,12,AC,0,0,0,0,,,,,,,,,,,,,1,,,,,,,,,,,,B,E,A,B,3,E,A,B,D,B,A,B,A,A,A,A,A,A,B,A,A,D,A,A,B
210058575143,2023,11,F,3,1,1,1,11,1,,0,,,,,,,,3205200,Vila Velha,32,ES,0,0,0,0,,,,,,,,,,,,,1,,,,,,,,,,,,E,B,F,C,2,B,A,B,B,A,A,B,A,B,A,A,A,A,B,A,A,B,A,A,B
210061337623,2023,12,M,1,1,1,1,13,1,,0,,,,,,,,2304400,Fortaleza,23,CE,1,1,1,1,1223.0,1194.0,1203.0,1213.0,510.5,466.4,409.3,357.1,CDDABEACECDBABCBDABDBEAEDACBBBBEBECCAADABABCD,ADCDBDCBCEBAEDEBBECADBEEDBBCCEDBCDAEAACABCECE,DEACDDABDDBECACAEDCDBADACADAACCEEBABDCDAAABDE,BCABDEDBBDECADCDAACACAADEDBCEEAEAADCBBEDADACD,1,CEDAEEDEECCEBADCCCABBABCAACDDDACDBEABDCDBEABD,ABCDCBDACDAEACEECABADBEABADEBAABCDCABADCDAADE,BDBBABAAAEAAECBBEAACAAACEACBCACCCEDEDADBDBEEDDACCC,EBDEEBDADDABCCBCCABBADDBDDAEAEABCBEDECADCECCB,1.0,140.0,180.0,140.0,180.0,180.0,820.0,H,B,F,B,2,B,A,C,C,A,A,B,A,B,A,B,A,A,C,A,A,C,A,A,A
210060214124,2023,13,M,1,2,1,1,0,1,,0,,,,,,,,1100122,Ji-Paraná,11,RO,1,1,1,1,1224.0,1192.0,1202.0,1214.0,339.3,425.1,454.0,329.3,ADBEDCBBABCEDBABECAECBDECBAEDCBABCDBDAEEAECEA,DCABEEBBCCACEACBACDEEEBADABEDBBCACDBACBCDEEBC,ABEAACCEADDBEABDACBBAECEACABDCBBCDACCEECBABCD,CAEBEBDCEACBAEBACBACBDCAEBBBEDABADBCEAEBACDBC,1,CDDDABBABDBEABDECCEEEDCEDAEBABDCCAACCCADACDBE,DBAADEADCDCABABCDDEBAEABAECABAACECDAECBDAABCD,BBBDAABAEACCEEEDEACBCACAACAACAAAECBBEDBCCADBDEDDAC,EBDADDAEBEACBEDCECCBEABCADEBCCBCCDEBDDAABBADD,1.0,140.0,160.0,120.0,140.0,120.0,680.0,B,B,A,B,2,B,A,B,C,A,A,B,A,B,A,A,A,A,B,A,A,C,A,A,A
210059589786,2023,1,M,1,1,1,3,0,1,,1,,,,,,,,5211800,Jaraguá,52,GO,0,0,0,0,,,,,,,,,,,,,0,,,,,,,,,,,,C,D,B,C,4,B,A,B,C,A,B,B,A,B,A,A,A,A,B,B,A,D,A,A,B
210058954672,2023,7,F,1,2,1,1,5,1,,0,,,,,,,,2927408,Salvador,29,BA,1,1,1,1,1224.0,1192.0,1202.0,1214.0,415.2,513.2,436.0,490.9,CDCBCEBCBABBEBBDDACEAABABCCDDDCACEBDEEEDDEEBA,CAAAEEADCBDBBCECDBCBAECADBAAABABECAAEBCEBBBCD,CECDCDBEAEDABDAAACACBCCEBCAEDCBEEEAABADABBBAE,EEEABDDEEBEECDDDDEDCDCADBADDEEBBCEAEBAAEBCBCB,1,CDDDABBABDBEABDECCEEEDCEDAEBABDCCAACCCADACDBE,DBAADEADCDCABABCDDEBAEABAECABAACECDAECBDAABCD,BBBDAABAEACCEEEDEACBCACAACAACAAAECBBEDBCCADBDEDDAC,EBDADDAEBEACBEDCECCBEABCADEBCCBCCDEBDDAABBADD,1.0,120.0,120.0,100.0,100.0,0.0,440.0,E,D,B,B,4,B,A,B,C,A,A,B,A,A,A,A,A,A,B,A,A,C,A,A,B
210060214082,2023,5,F,1,1,1,1,2,1,,0,,,,,,,,3156700,Sabará,31,MG,0,0,0,0,,,,,,,,,,,,,0,,,,,,,,,,,,C,B,B,B,3,E,A,B,C,A,A,B,A,B,A,A,A,A,B,A,A,C,A,A,B
210060801597,2023,4,F,2,1,1,1,3,1,,0,,,,,,,,3301702,Duque de Caxias,33,RJ,0,0,0,0,,,,,,,,,,,,,1,,,,,,,,,,,,E,E,C,F,5,B,A,B,C,B,A,B,A,B,A,A,A,A,B,A,A,D,A,A,B
210061244823,2023,3,M,1,1,1,2,0,2,1.0,0,,,,,,,,3549805,São José do Rio Preto,35,SP,1,1,1,1,1221.0,1193.0,1204.0,1211.0,663.8,636.5,588.2,746.0,DBEEDDABDCDCCEACBCDEAABABAECAEADBCECECEDAEDEB,ACEBADDADCDAADEBBCDABCDCEBCBDDDEBDACEBBDBCDBE,ABBBBAAEDBCDCDAACACBADABCEADEAEEAEBBBBBBACEED,CCCDDBABCBEEEEABECBDABEDDCDADECABDBBBBDAEACCC,0,DBEABDABDCACDBECDDDBCAAABBACCCADEBECCCEDAEEED,ACEEABAADCDAADEABCDABCDCABCBDADEBAECABADBCDAE,DBABBAEBAAAACDACDEDAACADBADBCCEACCCEAAECBBEBCACEED,BCCDEEABCBEDCEABBEBDABDDADDADECAADDCCBEBEABCC,1.0,140.0,140.0,120.0,160.0,160.0,720.0,F,F,D,C,3,D,A,B,C,B,A,B,B,B,A,A,A,B,B,A,B,D,A,B,B
210059085130,2023,8,M,1,3,1,1,5,1,,0,,,,,,,,2408102,Natal,24,RN,1,1,1,1,1221.0,1193.0,1204.0,1211.0,644.9,620.2,626.9,736.3,DBEEBDBBACDCABADCDAACECDBBDECDADBBECDCDDCEAAD,ACEEADAABCBAABEDBCDAECDCDBCBDAEEBDECAADDDCDDE,DBABCCABDECDCDAACADBBDBCBBACCCEEAECBBEBBACAED,BCDDCEEBCDBDAECBAEDDABDDEEDBDECADDACCEECEAACC,0,DBEABDABDCACDBECDDDBCAAABBACCCADEBECCCEDAEEED,ACEEABAADCDAADEABCDABCDCABCBDADEBAECABADBCDAE,DBABBAEBAAAACDACDEDAACADBADBCCEACCCEAAECBBEBCACEED,BCCDEEABCBEDCEABBEBDABDDADDADECAADDCCBEBEABCC,1.0,140.0,200.0,160.0,160.0,200.0,860.0,F,C,D,B,4,B,A,C,C,A,A,B,A,B,A,B,A,B,B,A,A,E,A,B,B
210058573830,2023,15,F,2,3,1,1,17,1,,0,,,,,,,,3205200,Vila Velha,32,ES,1,1,1,1,1222.0,1191.0,1201.0,1212.0,468.2,532.2,511.6,429.4,CBDBEBCAADCEECBDCECEEBDBCEBADDCDEBDDCCDBECCDA,CAADACEEBCAEAADEBBDDABCDCABCDCBCCDEEEEAEBDBDB,BCCEACACBEDCDDBDEDDAECBEBBDCCAECACBEDADDEECAB,CDDEEBDCABBBDBBCEEBCCDDDCBADCEECCDBEDEDECDBCE,1,CAAADCCCCDDDABDCACDBEEEDCEDAEECCDBEABDBABBAEB,CDAEECABAACEAADECBDAABCDCABADCDEABAABCDDEBADB,BBDABAAEBADACEEDCCDBADBDEDCCEBCACEACAACAACACBBEAAE,DCECACCBDECBEEABEABDDAADDABBBCCBCCDDAEBDADEEB,1.0,120.0,120.0,120.0,120.0,40.0,520.0,B,B,B,B,4,C,A,B,C,A,B,B,A,A,A,B,A,A,D,A,A,E,A,A,B
210061347489,2023,12,M,1,2,1,1,0,1,,0,,,,,,,,3106200,Belo Horizonte,31,MG,0,0,0,0,,,,,,,,,,,,,1,,,,,,,,,,,,B,B,B,B,5,D,A,C,E,A,A,B,A,B,A,B,A,A,C,A,A,E,B,B,B
210060214101,2023,4,F,1,3,1,1,1,1,,0,,,,,,,,3139409,Manhuaçu,31,MG,0,0,0,0,,,,,,,,,,,,,1,,,,,,,,,,,,D,F,A,B,4,C,A,C,C,B,A,B,A,B,A,A,A,A,B,A,A,D,A,B,B
210059527732,2023,12,M,1,3,1,1,12,1,,0,,,,,,,,3170206,Uberlândia,31,MG,0,0,0,0,,,,,,,,,,,,,0,,,,,,,,,,,,B,B,B,B,2,B,A,B,C,A,A,B,A,B,A,A,A,A,B,A,A,C,B,A,B
210060376434,2023,1,M,1,1,1,3,0,1,,1,,,,,,,,4115200,Maringá,41,PR,1,1,1,1,1221.0,1193.0,1204.0,1211.0,523.1,429.7,378.0,477.6,DBEADCCCCBCEADEBDABEDCDABCBECDACBDAEDACDBA.EB,.C....EB.CD........A..D..B..CD.......B.D.C...,DBABCBEACDDDBAABEBD...C............BBE...BA..,DCDCEEBAACDCBAEB.E..ADC.....D..D..B...E......,0,DBEABDABDCACDBECDDDBCAAABBACCCADEBECCCEDAEEED,ACEEABAADCDAADEABCDABCDCABCBDADEBAECABADBCDAE,DBABBAEBAAAACDACDEDAACADBADBCCEACCCEAAECBBEBCACEED,BCCDEEABCBEDCEABBEBDABDDADDADECAADDCCBEBEABCC,4.0,0.0,0.0,0.0,0.0,0.0,0.0,E,E,B,B,3,D,A,B,D,A,A,B,B,B,A,B,A,B,B,A,B,D,A,C,B
210060440987,2023,4,F,1,1,1,1,1,1,,0,,,,,,,,3543402,Ribeirão Preto,35,SP,0,0,0,0,,,,,,,,,,,,,0,,,,,,,,,,,,E,C,C,B,4,E,A,C,D,B,A,B,B,B,A,B,A,A,B,A,A,B,A,A,B
210059589800,2023,7,M,1,1,1,1,0,1,,0,,,,,,,,3301009,Campos dos Goytacazes,33,RJ,1,1,1,1,1222.0,1191.0,1201.0,1212.0,551.8,546.0,563.5,492.7,CECEEDCAABBBEBBDCEDBEAEDCBDACDDDEBEEBCCBDCDBA,DEBAECCBDAEEAADEBBDBABCDDABADCADCDECACDBCBCDA,CDEBABABEEDBCBBCEDDEACAEBBAADABEACAADACBBEDAE,BCAACEDECCDAEBADBDCEEADDBABCADAADBCEDECEADAEE,1,CAAADCCCCDDDABDCACDBEEEDCEDAEECCDBEABDBABBAEB,CDAEECABAACEAADECBDAABCDCABADCDEABAABCDDEBADB,BBDABAAEBADACEEDCCDBADBDEDCCEBCACEACAACAACACBBEAAE,DCECACCBDECBEEABEABDDAADDABBBCCBCCDDAEBDADEEB,1.0,120.0,40.0,40.0,120.0,40.0,360.0,A,A,C,B,4,B,A,C,C,B,A,B,A,B,A,A,A,A,B,A,B,B,A,A,B
210059589809,2023,14,M,1,3,1,1,17,1,,0,,,,,,,,1400100,Boa Vista,14,RR,0,0,0,0,,,,,,,,,,,,,0,,,,,,,,,,,,B,B,A,B,4,C,A,B,C,A,B,B,A,B,A,A,A,A,B,A,A,C,B,B,B
210060441006,2023,3,F,1,1,1,2,0,2,1.0,0,,,,,,,,3106200,Belo Horizonte,31,MG,1,1,1,1,1224.0,1192.0,1202.0,1214.0,482.2,495.1,529.9,465.2,ACCBDEBDCDBDDBBDBBDEDCCACABBBECDCADDCEEABDCEA,DBAEDCCBCDEAEDBDAACBAEBBBBABEDCADDEADBADBABCD,BCBDBCDEEDDCDCDDADBBCACEEAAECBBEBCCDABADDDCEB,ECCADEDEDDCDABBCBEAEDCBABBCEDDCDBECEBBCDCCCDB,0,CDDDABBABDBEABDECCEEEDCEDAEBABDCCAACCCADACDBE,DBAADEADCDCABABCDDEBAEABAECABAACECDAECBDAABCD,BBBDAABAEACCEEEDEACBCACAACAACAAAECBBEDBCCADBDEDDAC,EBDADDAEBEACBEDCECCBEABCADEBCCBCCDEBDDAABBADD,1.0,120.0,120.0,120.0,120.0,100.0,580.0,E,C,D,B,4,F,A,B,C,B,A,B,A,B,B,B,A,B,C,A,A,E,A,B,B
210059260098,2023,6,M,1,3,1,1,3,1,,0,,,,,,,,2516201,Sousa,25,PB,1,1,1,1,1222.0,1191.0,1201.0,1212.0,451.6,504.9,597.9,541.5,DEBEBACEEEBBCABABDEACCEBCDEADDEDEBDBCADAABEBB,CDADBCBBDEBDAADECADBABCDBEDEDABCDACECDABECDAE,AAEBDAACAEDCCDBADACEDCAEDABCBABCABACCACBBEAAB,BCDCAEBCDEACBECCEDABDDCABAAEDCACEBADCCEBCDDEB,1,CAAADCCCCDDDABDCACDBEEEDCEDAEECCDBEABDBABBAEB,CDAEECABAACEAADECBDAABCDCABADCDEABAABCDDEBADB,BBDABAAEBADACEEDCCDBADBDEDCCEBCACEACAACAACACBBEAAE,DCECACCBDECBEEABEABDDAADDABBBCCBCCDDAEBDADEEB,1.0,160.0,120.0,160.0,120.0,160.0,720.0,B,B,C,B,5,D,A,B,C,A,B,B,B,A,A,A,A,A,B,A,A,E,A,B,B
210058573821,2023,9,F,2,1,1,1,7,1,,0,,,,,,,,4115804,Medianeira,41,PR,1,1,1,1,1221.0,1193.0,1204.0,1211.0,544.6,592.3,509.2,464.9,DEEABDABDBDEBECEDEBDDBDDEBDDCAEDBAEDECDDABBAC,ACEEBDAADCDAEDEABCDABCDCDBABDCAABAECADEDACDBD,AEBAABBEEADABDAADBEBBDDBDABBABDAABECBECBECAED,BDACAECACCCBCBEACEADADECBDADDBADBDEBBCECBCDAB,1,DBEABDABDCACDBECDDDBCAAABBACCCADEBECCCEDAEEED,ACEEABAADCDAADEABCDABCDCABCBDADEBAECABADBCDAE,DBABBAEBAAAACDACDEDAACADBADBCCEACCCEAAECBBEBCACEED,BCCDEEABCBEDCEABBEBDABDDADDADECAADDCCBEBEABCC,1.0,120.0,120.0,120.0,120.0,120.0,600.0,C,C,A,B,2,B,A,B,B,B,A,B,A,B,A,A,A,A,B,A,A,B,A,A,B
210059246999,2023,3,F,1,2,2,2,0,2,1.0,0,2100055.0,Açailândia,21.0,MA,2.0,1.0,1.0,2100055,Açailândia,21,MA,1,1,1,1,1224.0,1192.0,1202.0,1214.0,537.8,639.2,554.9,524.2,CBBAAEBCBEBEBDBEAAACCACDDABDCCABADDACBDCBACBD,DAAAAEADCDCDBABCADEBAEEDEEAABAACACDAECDDAABCD,DCBBACAAEBDBACBCACBABAADAAABCCBEDBCCBBCDCDDAD,EBAABDDCECABCDCACACCDBEADCEBACCCADCDCADACCDDB,0,CDDDABBABDBEABDECCEEEDCEDAEBABDCCAACCCADACDBE,DBAADEADCDCABABCDDEBAEABAECABAACECDAECBDAABCD,BBBDAABAEACCEEEDEACBCACAACAACAAAECBBEDBCCADBDEDDAC,EBDADDAEBEACBEDCECCBEABCADEBCCBCCDEBDDAABBADD,1.0,120.0,180.0,120.0,140.0,80.0,640.0,E,E,C,D,3,C,A,C,D,A,B,B,B,A,A,A,A,A,B,A,A,D,A,A,B
210061337583,2023,3,F,1,3,1,2,0,2,1.0,0,,,,,,,,3518206,Guararapes,35,SP,1,1,1,1,1221.0,1193.0,1204.0,1211.0,590.1,626.8,624.7,677.6,EBEBDDCECCCCEEECDACCEECAEEECDEEBABEAECADAADAD,ACECAAAEDCBAADEEBCDADCDCDBCBDADBBAEBACADBCDCE,DBCBCBAADECDEDAAEADBADDCCAACCAAEAECBBEBBACEED,CCACDEABADCDEDABDEADAEBDECDBDBCABDBBBCEDEAECC,0,DBEABDABDCACDBECDDDBCAAABBACCCADEBECCCEDAEEED,ACEEABAADCDAADEABCDABCDCABCBDADEBAECABADBCDAE,DBABBAEBAAAACDACDEDAACADBADBCCEACCCEAAECBBEBCACEED,BCCDEEABCBEDCEABBEBDABDDADDADECAADDCCBEBEABCC,1.0,140.0,160.0,120.0,160.0,160.0,740.0,C,E,C,B,2,B,A,B,C,A,A,B,B,B,A,B,A,A,B,A,A,C,A,A,B
210059540786,2023,3,M,1,3,1,1,1,1,,0,,,,,,,,1501808,Breves,15,PA,1,1,1,1,1221.0,1193.0,1204.0,1211.0,476.8,401.1,448.2,479.5,DBCAE.EDEEBADBEABABEABEAEBEECEEBACCCCBBACEEED,EBDABCECABDDBCEADCBDEADBCBDADDEBCEACBCADAAEBA,EECCBBAACADDEDACEBEACBDAEBDBDCECADCEADDBAACED,ADBCDBCDCCDBDDABBEEEADBCECEBEBADBBDBECCEEA.CB,1,DBEABDABDCACDBECDDDBCAAABBACCCADEBECCCEDAEEED,ACEEABAADCDAADEABCDABCDCABCBDADEBAECABADBCDAE,DBABBAEBAAAACDACDEDAACADBADBCCEACCCEAAECBBEBCACEED,BCCDEEABCBEDCEABBEBDABDDADDADECAADDCCBEBEABCC,1.0,160.0,200.0,160.0,160.0,120.0,800.0,C,C,B,B,6,B,A,B,B,A,A,B,A,A,A,A,A,A,A,A,A,A,A,A,A
210059982345,2023,4,F,1,1,1,2,0,2,1.0,0,,,,,,,,3303203,Nilópolis,33,RJ,0,0,0,0,,,,,,,,,,,,,1,,,,,,,,,,,,H,E,D,B,2,B,A,B,C,A,A,B,A,B,A,B,A,A,A,A,A,C,A,A,B
210059401161,2023,3,F,3,3,1,1,1,1,,0,,,,,,,,1302603,Manaus,13,AM,0,0,0,0,,,,,,,,,,,,,1,,,,,,,,,,,,B,E,B,B,3,B,A,B,C,B,A,B,A,B,B,A,A,A,B,A,A,D,A,A,B
210059085151,2023,4,F,1,1,1,2,0,2,1.0,0,1501402.0,Belém,15.0,PA,2.0,1.0,1.0,1501402,Belém,15,PA,1,1,1,1,1223.0,1194.0,1203.0,1213.0,489.1,465.8,478.8,433.6,CAEADDBDEDDAACCCBDBBDBDCECABCBDCEDACCCCBBECAC,ABCDBADBCEBCAECAACDADABCAAAEABCBEABBBAAAEBBDB,BCDCBAABEBCEACCABACBBEABACBBEDADBCCAAABDAEABB,CEDBEECCCCDCCABEABABCCBACDECABDABBAECBCDCBCBB,1,CEDAEEDEECCEBADCCCABBABCAACDDDACDBEABDCDBEABD,ABCDCBDACDAEACEECABADBEABADEBAABCDCABADCDAADE,BDBBABAAAEAAECBBEAACAAACEACBCACCCEDEDADBDBEEDDACCC,EBDEEBDADDABCCBCCABBADDBDDAEAEABCBEDECADCECCB,1.0,120.0,180.0,120.0,120.0,100.0,640.0,B,E,B,B,3,B,A,B,C,A,A,B,A,B,B,B,A,A,C,A,A,D,A,A,B
210059855135,2023,11,F,1,1,1,1,0,1,,0,,,,,,,,4314902,Porto Alegre,43,RS,0,0,0,0,,,,,,,,,,,,,1,,,,,,,,,,,,F,E,E,B,1,B,A,B,C,A,A,B,B,B,A,A,A,A,B,A,A,B,A,A,B
210058387357,2023,3,F,1,2,1,2,0,3,1.0,0,3304557.0,Rio de Janeiro,33.0,RJ,4.0,1.0,1.0,3304557,Rio de Janeiro,33,RJ,1,1,1,1,1223.0,1194.0,1203.0,1213.0,364.8,484.1,415.0,491.5,DBDCEACBEDDCCAEBAAABBDACEBBBBAACEDBBECDAEBDDB,ABEDCACEDAEEEDBCCEECDADCABDAACEAAAEADADCBAADD,DCBAECADDCEECCEABBBCEBAABBBADDBBBEADAAEDCBCBB,EDDCCEAADDAADDBDCBDECDDBEBDDEEAECDEECEAAAAAEA,0,CEDAEEDEECCEBADCCCABBABCAACDDDACDBEABDCDBEABD,ABCDCBDACDAEACEECABADBEABADEBAABCDCABADCDAADE,BDBBABAAAEAAECBBEAACAAACEACBCACCCEDEDADBDBEEDDACCC,EBDEEBDADDABCCBCCABBADDBDDAEAEABCBEDECADCECCB,1.0,140.0,180.0,140.0,160.0,120.0,740.0,E,G,F,D,3,D,A,B,B,B,A,B,A,B,A,B,B,A,B,A,A,B,A,A,A
210059980946,2023,4,F,1,1,1,1,2,1,,0,,,,,,,,1501402,Belém,15,PA,1,1,1,1,1224.0,1192.0,1202.0,1214.0,632.0,688.4,635.8,709.6,CDCBADBCCDBEABBDCDEDEBCEDDCBABCCDECCAEEBDEEBC,DBAADEABCDCEBABADDEBAAABACCEBAACECDAECBDAABCD,BCBDACAEEEDAAEDBACABDAADAAAECCBEDBCCADBDEDDAC,EBDBDDCEBBAAEDDDECAEBEBCADECCCCCBDDBEDACBADDB,0,CDDDABBABDBEABDECCEEEDCEDAEBABDCCAACCCADACDBE,DBAADEADCDCABABCDDEBAEABAECABAACECDAECBDAABCD,BBBDAABAEACCEEEDEACBCACAACAACAAAECBBEDBCCADBDEDDAC,EBDADDAEBEACBEDCECCBEABCADEBCCBCCDEBDDAABBADD,1.0,160.0,200.0,180.0,200.0,200.0,940.0,E,G,B,D,5,K,A,B,C,B,A,B,A,A,A,A,A,A,B,A,A,D,A,A,B
210059974475,2023,9,F,1,3,1,1,3,1,,0,,,,,,,,3106200,Belo Horizonte,31,MG,1,1,1,1,1222.0,1191.0,1201.0,1212.0,452.4,533.5,509.0,355.6,ECBCEABCCBBBCCCCDDCEC.BCCBAACEEDCBDEECECEEECE,CDBBACADADBEABDECADAAECECAAEBCACBBBAEEEACBDDB,ABEDAAAECEDBCDBBAEDCAAAEEDBCCABBBCACCAAECBAAB,CEDB.EDB.CDCACACCADCC.ECBACCCCCBE.CDACEBBEACB,1,CAAADCCCCDDDABDCACDBEEEDCEDAEECCDBEABDBABBAEB,CDAEECABAACEAADECBDAABCDCABADCDEABAABCDDEBADB,BBDABAAEBADACEEDCCDBADBDEDCCEBCACEACAACAACACBBEAAE,DCECACCBDECBEEABEABDDAADDABBBCCBCCDDAEBDADEEB,1.0,80.0,120.0,120.0,100.0,20.0,440.0,H,H,B,B,4,B,A,B,C,A,A,B,A,A,A,A,A,A,B,A,A,C,A,A,B
210059246989,2023,11,F,1,3,1,1,10,1,,0,,,,,,,,2108207,Pedreiras,21,MA,1,1,1,1,1223.0,1194.0,1203.0,1213.0,530.0,607.3,574.2,474.5,CBDCAACECEDDCCBDBCDACCECEECDBADACCBEBCAEBECEC,ABCDCBDACDAEAADDDADBDACEDBBEBCCBEECEBADCDAADE,BAAAEEABBCBBAACACAEDDCBAACCBEDDDCDADBEEDDEC..,EBDDEADBDEDBCDBBACBDDCBCDEDDABBCACDBDEEAABDDB,1,CEDAEEDEECCEBADCCCABBABCAACDDDACDBEABDCDBEABD,ABCDCBDACDAEACEECABADBEABADEBAABCDCABADCDAADE,BDBBABAAAEAAECBBEAACAAACEACBCACCCEDEDADBDBEEDDACCC,EBDEEBDADDABCCBCCABBADDBDDAEAEABCBEDECADCECCB,1.0,100.0,120.0,120.0,120.0,100.0,560.0,E,E,B,A,6,B,A,B,C,A,A,B,A,B,A,A,A,A,A,A,A,C,A,A,A
210058573848,2023,5,F,1,1,1,1,3,1,,0,,,,,,,,2101400,Balsas,21,MA,1,1,1,1,1223.0,1194.0,1203.0,1213.0,605.0,621.7,553.5,627.9,CEDAEEBEEDDBBEDEDACBCAEBECAECAAEBCDABCDDEECCD,ABCDCACBCDAECCEECABDDAEADACEBADBCECEBADCDAEDE,CBBBAEAECBBEACCABABEBAABACEEEDEAACDBBEEDDECCA,EBDBEBDACDDECACCCBADDDEECEDBEECBACBDDCEEACDCA,0,CEDAEEDEECCEBADCCCABBABCAACDDDACDBEABDCDBEABD,ABCDCBDACDAEACEECABADBEABADEBAABCDCABADCDAADE,BDBBABAAAEAAECBBEAACAAACEACBCACCCEDEDADBDBEEDDACCC,EBDEEBDADDABCCBCCABBADDBDDAEAEABCBEDECADCECCB,1.0,120.0,120.0,120.0,100.0,100.0,560.0,C,C,A,B,5,B,A,C,C,A,B,B,B,A,A,A,A,A,B,A,A,D,A,C,B
210059959486,2023,3,F,1,1,1,2,0,2,1.0,0,2904605.0,Brumado,29.0,BA,1.0,1.0,1.0,2904605,Brumado,29,BA,1,1,1,1,1224.0,1192.0,1202.0,1214.0,447.9,568.2,560.8,639.0,CEBDECCDEDBDDCECEEACCBDBCCBCEBCBCECDABACDEDEB,DDAADEADCDCDBDCEBCEACAAEABAAEBABDCDCEABDDABCD,DABAACBEAEDBACBBADABBAECAAADEBBEDBBDABCDCDCAD,EABAADDEBDDAABDBAABBDBBCCCDECCACBDEDDDDABACAC,0,CDDDABBABDBEABDECCEEEDCEDAEBABDCCAACCCADACDBE,DBAADEADCDCABABCDDEBAEABAECABAACECDAECBDAABCD,BBBDAABAEACCEEEDEACBCACAACAACAAAECBBEDBCCADBDEDDAC,EBDADDAEBEACBEDCECCBEABCADEBCCBCCDEBDDAABBADD,1.0,160.0,180.0,160.0,180.0,160.0,840.0,C,C,C,A,4,B,A,B,C,B,A,B,B,A,A,B,A,A,B,A,A,C,A,B,B
210058573824,2023,4,M,1,2,1,1,1,1,,0,,,,,,,,2304202,Crato,23,CE,1,1,1,1,1224.0,1192.0,1202.0,1214.0,595.7,662.9,616.3,589.5,CDDBBEABDEBEEEDCEBCEACDDDABCADCCCBACDEACCEACE,DBAAEEADCDCABABEEDEBCEEEAECEBAACECDAECBDAAECD,BCBAACAEEEBDDCBDACAAAAACAAAEDBBBDBCCADDDEDDAC,EBCABADEAEAEEACABCCBEDABDCEECDBEBDEABCDBBCDDA,0,CDDDABBABDBEABDECCEEEDCEDAEBABDCCAACCCADACDBE,DBAADEADCDCABABCDDEBAEABAECABAACECDAECBDAABCD,BBBDAABAEACCEEEDEACBCACAACAACAAAECBBEDBCCADBDEDDAC,EBDADDAEBEACBEDCECCBEABCADEBCCBCCDEBDDAABBADD,1.0,160.0,200.0,160.0,200.0,160.0,880.0,E,E,A,B,4,A,A,C,E,B,A,B,A,B,A,A,A,A,C,A,A,D,A,C,B
210059982324,2023,4,M,1,2,1,1,2,1,,0,,,,,,,,2927408,Salvador,29,BA,0,0,0,0,,,,,,,,,,,,,1,,,,,,,,,,,,E,E,B,B,3,C,A,B,C,A,A,B,A,A,A,B,A,A,B,A,A,D,A,B,B
210059388101,2023,4,F,1,1,1,1,2,1,,0,,,,,,,,3106200,Belo Horizonte,31,MG,1,1,1,1,1223.0,1194.0,1203.0,1213.0,534.8,601.9,554.1,643.6,CDAABACECBCBCCEECBBEACCEECCCBBCAEAEAADCEBEEEC,ABCDCADACDAEEEACCABCDBDAAEAEBEDBCEEDDADCDAADE,CDBBADABCBBECAEACBCDDCBCABCAEDCDBEACDCEDBACBC,EDDDCDDBCDDACCBDEABDCDBBCDDEAEBDDBCCDCBBDDCDE,0,CEDAEEDEECCEBADCCCABBABCAACDDDACDBEABDCDBEABD,ABCDCBDACDAEACEECABADBEABADEBAABCDCABADCDAADE,BDBBABAAAEAAECBBEAACAAACEACBCACCCEDEDADBDBEEDDACCC,EBDEEBDADDABCCBCCABBADDBDDAEAEABCBEDECADCECCB,1.0,160.0,180.0,140.0,200.0,200.0,880.0,E,D,C,B,2,B,A,B,C,A,A,B,B,B,A,B,A,B,B,A,A,C,A,B,B
210059974478,2023,14,F,1,1,1,1,17,1,,0,,,,,,,,2917508,Jacobina,29,BA,0,0,0,0,,,,,,,,,,,,,1,,,,,,,,,,,,C,C,C,A,3,D,A,B,C,B,B,B,A,B,A,A,A,B,C,A,A,C,A,B,B
210059974500,2023,4,F,1,1,1,1,2,1,,0,,,,,,,,2608909,Limoeiro,26,PE,0,1,1,0,,1193.0,1204.0,,,411.6,467.0,,,CAEEEBAEACDBCEACCDEAEBCEACBBDECABEDDCBACAEACA,BABEEDBCDEDDBDACBADDBDCBCBBEADEBAAEDCDDDCCBED,,0,,ACEEABAADCDAADEABCDABCDCABCBDADEBAECABADBCDAE,DBABBAEBAAAACDACDEDAACADBADBCCEACCCEAAECBBEBCACEED,,1.0,120.0,120.0,120.0,80.0,40.0,480.0,E,E,F,F,4,C,A,B,D,A,A,B,A,A,A,A,A,A,A,B,A,C,A,A,B
210059540806,2023,7,F,1,1,1,1,4,1,,0,,,,,,,,1501402,Belém,15,PA,1,1,1,1,1222.0,1191.0,1201.0,1212.0,402.4,549.8,578.8,504.6,DEEBEDBAADBBDCDDCECEDCCDBADDCCBBBBACEDCAAEBBA,CABEBAAEAACCCADECBDDABCDCABADCCACDABCABDCCEDE,BCDCBDACAEECCBBBDDDCACBEEBACDAAABCBADACBBEAAB,BDDAABCECCDBCBDADDCBDDABCECADDEECCDBDEADADCEC,0,CAAADCCCCDDDABDCACDBEEEDCEDAEECCDBEABDBABBAEB,CDAEECABAACEAADECBDAABCDCABADCDEABAABCDDEBADB,BBDABAAEBADACEEDCCDBADBDEDCCEBCACEACAACAACACBBEAAE,DCECACCBDECBEEABEABDDAADDABBBCCBCCDDAEBDADEEB,1.0,140.0,180.0,140.0,140.0,120.0,720.0,E,E,B,B,3,B,A,B,B,A,A,B,A,B,A,A,A,A,B,A,B,D,A,A,B
210058073316,2023,9,F,1,3,1,1,0,1,,0,,,,,,,,3304557,Rio de Janeiro,33,RJ,0,0,0,0,,,,,,,,,,,,,0,,,,,,,,,,,,B,E,F,B,4,G,A,B,C,B,A,B,B,B,A,B,A,A,C,A,B,E,A,A,B
210060214097,2023,7,F,1,1,1,1,3,1,,0,,,,,,,,4315602,Rio Grande,43,RS,1,1,1,1,1224.0,1192.0,1202.0,1214.0,484.6,577.3,539.5,545.1,DECDDCBDCEBABDDECDEEABCBEDEBEECDCECABAECDACEE,DAAADEEDCDBABDBEEBCBDEEBADCADDACECEDDBBDAABCD,BDAEACBEABDBACBCACCABCECAAABDEBEDBEEBEADEABAC,EDCACDDEDACCCCDEDBDEDBCDABACCCDEADBDCEEDCDBDA,1,CDDDABBABDBEABDECCEEEDCEDAEBABDCCAACCCADACDBE,DBAADEADCDCABABCDDEBAEABAECABAACECDAECBDAABCD,BBBDAABAEACCEEEDEACBCACAACAACAAAECBBEDBCCADBDEDDAC,EBDADDAEBEACBEDCECCBEABCADEBCCBCCDEBDDAABBADD,1.0,140.0,120.0,120.0,140.0,160.0,680.0,E,F,C,C,5,D,A,B,D,B,A,B,A,B,A,B,A,A,C,A,B,A,A,A,B
210060373843,2023,7,M,1,1,1,1,5,1,,0,,,,,,,,3515509,Fernandópolis,35,SP,0,0,0,0,,,,,,,,,,,,,0,,,,,,,,,,,,C,C,B,B,4,B,A,B,C,A,A,B,A,B,B,B,A,A,B,A,A,D,A,A,B
210059246991,2023,6,F,1,3,1,1,2,1,,0,,,,,,,,2926608,Ribeira do Pombal,29,BA,1,1,1,1,1223.0,1194.0,1203.0,1213.0,423.8,532.6,513.5,512.2,AEECAACCEDABCEDCAADAEBAAADBECBAACEBBEBEDBDBBD,ABCDCBDECDADBCDBAEDCDBDACBACDEABBADCDADCBCBDE,BAADEAADCEEEBADAADEBCCCCABCACECDCEBBBEDECECCA,EDDBEDEBCEDCDCCAAACDDDDCCDABABCCBBCEEEBDDDBDC,1,CEDAEEDEECCEBADCCCABBABCAACDDDACDBEABDCDBEABD,ABCDCBDACDAEACEECABADBEABADEBAABCDCABADCDAADE,BDBBABAAAEAAECBBEAACAAACEACBCACCCEDEDADBDBEEDDACCC,EBDEEBDADDABCCBCCABBADDBDDAEAEABCBEDECADCECCB,1.0,120.0,120.0,100.0,120.0,100.0,560.0,B,E,C,A,3,B,A,B,D,A,A,B,A,A,A,A,A,A,B,A,B,C,A,A,B
210060376432,2023,7,F,2,3,1,1,4,1,,0,,,,,,,,3304557,Rio de Janeiro,33,RJ,0,0,0,0,,,,,,,,,,,,,0,,,,,,,,,,,,E,E,B,B,5,C,A,B,C,A,A,B,A,B,A,A,A,A,B,A,A,D,A,A,B
210059982333,2023,3,M,1,3,1,2,0,2,1.0,0,5300108.0,Brasília,53.0,DF,2.0,1.0,1.0,5300108,Brasília,53,DF,1,1,1,1,1222.0,1191.0,1201.0,1212.0,631.6,629.9,610.1,583.1,EEDAACDECEBDCBCCCEEBEAEBCDDEEDDCDBEEBDBEBCABC,DDAEAAABCAAEAADECBDAABCDCEBBDCDEADACBADBEBDDC,BCDABDECEEDAECBADADEDCCEBBACEBBAACACCABBBDAAE,DDCCDBCBDCDCEBEACECDBEDDBCADCBECCCDDBEEBADCEE,0,CAAADCCCCDDDABDCACDBEEEDCEDAEECCDBEABDBABBAEB,CDAEECABAACEAADECBDAABCDCABADCDEABAABCDDEBADB,BBDABAAEBADACEEDCCDBADBDEDCCEBCACEACAACAACACBBEAAE,DCECACCBDECBEEABEABDDAADDABBBCCBCCDDAEBDADEEB,1.0,140.0,200.0,120.0,120.0,140.0,720.0,G,G,C,B,4,J,A,C,D,C,A,B,A,B,A,B,A,A,B,A,A,E,A,D,B
210060811458,2023,3,F,1,1,1,2,0,2,1.0,0,,,,,,,,3304557,Rio de Janeiro,33,RJ,1,1,1,1,1222.0,1191.0,1201.0,1212.0,448.0,529.5,574.6,511.4,EEDEEDBEDEDBADBDDCADDEBDCDDCDEEACBDEEBDEBBEBA,CAAACAABAACAAADEAEBAAECDBCBCBCAEEEAEBCDACEDCC,BBAABAACACDCBBBADDDCDCEEBBACEACBCDACCAEEEEEAE,BCACCAEBDCCCDECBCCCBAADCBDADBBBCAEDEDEBBADBED,0,CAAADCCCCDDDABDCACDBEEEDCEDAEECCDBEABDBABBAEB,CDAEECABAACEAADECBDAABCDCABADCDEABAABCDDEBADB,BBDABAAEBADACEEDCCDBADBDEDCCEBCACEACAACAACACBBEAAE,DCECACCBDECBEEABEABDDAADDABBBCCBCCDDAEBDADEEB,1.0,120.0,160.0,120.0,120.0,100.0,620.0,C,E,B,B,4,B,A,B,B,A,B,B,B,B,A,B,A,A,B,A,A,B,A,A,A
210058073305,2023,7,M,1,2,1,1,5,1,,0,,,,,,,,3103405,Araçuaí,31,MG,1,1,1,1,1224.0,1192.0,1202.0,1214.0,517.6,518.7,441.0,511.2,BDBBDACDCEBEECAAEDEEEBCEDCBBDADDDCCDDACAEDEEA,DBBADECDCBBDBEECDCBECEEDACADBADCDCAEDCABBABCD,CCBEAEBBEDEBECDBDBCBBAECAEADCCBBDBDEABCBDECAD,ECCADADEBBBACBEDEABABCCCCCBCBACCDDCBADEBDBBAD,0,CDDDABBABDBEABDECCEEEDCEDAEBABDCCAACCCADACDBE,DBAADEADCDCABABCDDEBAEABAECABAACECDAECBDAABCD,BBBDAABAEACCEEEDEACBCACAACAACAAAECBBEDBCCADBDEDDAC,EBDADDAEBEACBEDCECCBEABCADEBCCBCCDEBDDAABBADD,1.0,140.0,200.0,140.0,160.0,120.0,760.0,C,D,C,B,4,C,A,B,C,B,B,B,A,A,A,B,A,A,B,A,A,E,A,B,B
210059868181,2023,11,M,1,3,1,1,10,1,,0,,,,,,,,2308708,Morada Nova,23,CE,0,0,0,0,,,,,,,,,,,,,0,,,,,,,,,,,,B,E,A,D,2,B,A,B,B,A,A,B,A,A,A,A,A,A,B,A,A,C,A,B,B
210059085138,2023,11,M,1,1,1,1,9,1,,0,,,,,,,,5205109,Catalão,52,GO,1,1,1,1,1224.0,1192.0,1202.0,1214.0,514.0,554.9,391.5,391.6,BCBBECBADDBEECBDEAACAACBBABADABDCEAEAAEDDCEAE,DACADECDCADABEBBBBAEEAAECECEABAEECDCDCBBAABCD,CEACBCCEAEDEACBCBBBCCCDDDDBBBAABCBAAABBCCBBBE,EDCACEDBEADBCDBDAECBDAAAEABAADBABEDACDEDACCCA,1,CDDDABBABDBEABDECCEEEDCEDAEBABDCCAACCCADACDBE,DBAADEADCDCABABCDDEBAEABAECABAACECDAECBDAABCD,BBBDAABAEACCEEEDEACBCACAACAACAAAECBBEDBCCADBDEDDAC,EBDADDAEBEACBEDCECCBEABCADEBCCBCCDEBDDAABBADD,1.0,120.0,180.0,100.0,120.0,80.0,600.0,B,D,A,B,2,C,B,B,C,A,A,B,A,B,A,A,A,A,B,A,A,C,A,B,B
210060801599,2023,3,M,1,3,1,1,1,1,,0,,,,,,,,2108702,Pio XII,21,MA,1,1,1,1,1224.0,1192.0,1202.0,1214.0,567.4,608.3,551.1,528.4,CBABCADBCDBEAEDEEDBBAACDDDADCCACEEDAABAEDDCEE,DBAADEBDCBCABABCDCCBCAAADCDABBAAECCAECBBAABCD,CBAEACBEBEDECEBBADAABDACBDAEDBEEBACCCBCDADDCC,BABBDEDDEEADACCADCBBADCAECCCCCBCADCBCCDABCDDE,1,CDDDABBABDBEABDECCEEEDCEDAEBABDCCAACCCADACDBE,DBAADEADCDCABABCDDEBAEABAECABAACECDAECBDAABCD,BBBDAABAEACCEEEDEACBCACAACAACAAAECBBEDBCCADBDEDDAC,EBDADDAEBEACBEDCECCBEABCADEBCCBCCDEBDDAABBADD,1.0,160.0,160.0,160.0,180.0,180.0,840.0,B,F,A,A,4,A,A,B,C,A,B,B,A,A,A,A,B,A,B,A,A,B,A,A,B
210060376447,2023,4,F,1,1,1,1,0,1,,0,,,,,,,,2107506,Paço do Lumiar,21,MA,1,1,1,1,1224.0,1192.0,1202.0,1214.0,487.9,470.5,479.3,346.3,EACACEEDEDBDCEAEACEBEACDBCEABEDBCDDCBBEADCEEE,EAAEDECDCAEEBDEEADBEDEEDCACDEBEBDCEBEDDCAABBA,DEAECDBEABACACEAACBEBACBAEAAAEBCBBEABADDCBDCE,CDCCADDADDBEACABCECDBEABDCADADCAADCACBDCCEBDA,1,CDDDABBABDBEABDECCEEEDCEDAEBABDCCAACCCADACDBE,DBAADEADCDCABABCDDEBAEABAECABAACECDAECBDAABCD,BBBDAABAEACCEEEDEACBCACAACAACAAAECBBEDBCCADBDEDDAC,EBDADDAEBEACBEDCECCBEABCADEBCCBCCDEBDDAABBADD,1.0,120.0,120.0,100.0,100.0,80.0,520.0,H,C,F,B,5,B,D,B,C,A,A,B,B,A,A,A,A,A,A,A,A,D,A,A,A
