NU_ANO_CENSO,NO_REGIAO_IES,CO_REGIAO_IES,NO_UF_IES,SG_UF_IES,CO_UF_IES,NO_MUNICIPIO_IES,CO_MUNICIPIO_IES,IN_CAPITAL_IES,NO_MESORREGIAO_IES,CO_MESORREGIAO_IES,NO_MICRORREGIAO_IES,CO_MICRORREGIAO_IES,TP_ORGANIZACAO_ACADEMICA,TP_REDE,TP_CATEGORIA_ADMINISTRATIVA,IN_COMUNITARIA,IN_CONFESSIONAL,NO_MANTENEDORA,CO_MANTENEDORA,CO_IES,NO_IES,SG_IES,DS_ENDERECO_IES,DS_NUMERO_ENDERECO_IES,DS_COMPLEMENTO_ENDERECO_IES,NO_BAIRRO_IES,NU_CEP_IES,QT_TEC_TOTAL,QT_TEC_FUNDAMENTAL_INCOMP_FEM,QT_TEC_FUNDAMENTAL_INCOMP_MASC,QT_TEC_FUNDAMENTAL_COMP_FEM,QT_TEC_FUNDAMENTAL_COMP_MASC,QT_TEC_MEDIO_FEM,QT_TEC_MEDIO_MASC,QT_TEC_SUPERIOR_FEM,QT_TEC_SUPERIOR_MASC,QT_TEC_ESPECIALIZACAO_FEM,QT_TEC_ESPECIALIZACAO_MASC,QT_TEC_MESTRADO_FEM,QT_TEC_MESTRADO_MASC,QT_TEC_DOUTORADO_FEM,QT_TEC_DOUTORADO_MASC,IN_ACESSO_PORTAL_CAPES,IN_ACESSO_OUTRAS_BASES,IN_ASSINA_OUTRA_BASE,IN_REPOSITORIO_INSTITUCIONAL,IN_BUSCA_INTEGRADA,IN_SERVICO_INTERNET,IN_PARTICIPA_REDE_SOCIAL,IN_CATALOGO_ONLINE,QT_PERIODICO_ELETRONICO,QT_LIVRO_ELETRONICO,QT_DOC_TOTAL,QT_DOC_EXE,QT_DOC_EX_FEMI,QT_DOC_EX_MASC,QT_DOC_EX_SEM_GRAD,QT_DOC_EX_GRAD,QT_DOC_EX_ESP,QT_DOC_EX_MEST,QT_DOC_EX_DOUT,QT_DOC_EX_INT,QT_DOC_EX_INT_DE,QT_DOC_EX_INT_SEM_DE,QT_DOC_EX_PARC,QT_DOC_EX_HOR,QT_DOC_EX_0_29,QT_DOC_EX_30_34,QT_DOC_EX_35_39,QT_DOC_EX_40_44,QT_DOC_EX_45_49,QT_DOC_EX_50_54,QT_DOC_EX_55_59,QT_DOC_EX_60_MAIS,QT_DOC_EX_BRANCA,QT_DOC_EX_PRETA,QT_DOC_EX_PARDA,QT_DOC_EX_AMARELA,QT_DOC_EX_INDIGENA,QT_DOC_EX_COR_ND,QT_DOC_EX_BRA,QT_DOC_EX_EST,QT_DOC_EX_COM_DEFICIENCIA
2023,Nordeste,2,Rio Grande do Norte,RN,24,Natal,2408102,1,Leste Potiguar,4,Natal,18,2,2,5,0,0,LIGA DE ENSINO DO RIO GRANDE DO NORTE,846,1264,CENTRO UNIVERSITÁRIO DO RIO GRANDE DO NORTE,UNI-RN,Rua Prefeita Eliane Barros,2000,-,Tirol,59014540.0,111,0,0,0,8,14,19,24,17,19,9,1,0,0,0,0,0,1,1,0,1,1,1,34,27000,140,126,60,66,0,0,16,60,50,56,9,47,70,0,0,8,23,20,29,21,7,18,105,2,18,0,0,1,126,0,4
2023,Sudeste,3,Minas Gerais,MG,31,Brumadinho,3109006,0,Metropolitana de Belo Horizonte,7,Belo Horizonte,30,3,2,4,0,0,INSTITUICAO EDUCACIONAL CECILIA MARIA DE MELO BARCELOS LTDA,1096,1670,FACULDADE ASA DE BRUMADINHO,IECEMB - FAB,Rodovia Mg 040,Km 49,-,.,35460000.0,41,0,2,4,8,3,4,5,4,3,7,1,0,0,0,0,0,0,1,0,1,1,1,120,0,28,28,7,21,0,0,2,24,2,6,3,3,20,2,0,3,3,7,6,3,3,3,19,2,2,0,0,5,28,0,1
2023,Nordeste,2,Pernambuco,PE,26,Recife,2611606,1,Metropolitana de Recife,5,Recife,17,2,2,4,0,0,SOCIEDADE CULTURAL E EDUCACIONAL SANTA RITA DE CASSIA LTDA - ME,1101,1676,CENTRO UNIVERSITÁRIO SÃO MIGUEL,UNISÃOMIGUEL,Edifício Portal da Boa Vista,130,NOVA SEDE - Fernandes Vieira n.130,Boa Vista,50050903.0,32,0,0,0,1,8,5,5,9,1,1,2,0,0,0,0,0,1,0,1,1,1,0,165,2810,129,58,34,24,0,0,4,38,16,13,0,13,43,2,1,4,11,9,13,10,4,6,18,0,34,1,0,5,58,0,0
2023,Sul,4,Santa Catarina,SC,42,Joinville,4209102,0,Norte Catarinense,2,Joinville,8,3,2,5,1,0,CAMPANHA NACIONAL DE ESCOLAS DA COMUNIDADE,407,1530,Faculdade CNEC Joinville,,Rua Coronel Francisco Gomes,1290,-,Anita Garibaldi,89202250.0,7,0,0,0,0,1,5,0,0,1,0,0,0,0,0,1,0,1,1,1,1,1,1,10,13350,11,11,8,3,0,0,3,6,2,1,1,0,10,0,2,2,2,2,3,0,0,0,10,0,1,0,0,0,11,0,0
2023,Centro-Oeste,5,Mato Grosso do Sul,MS,50,Ponta Porã,5006606,0,Sudoeste de Mato Grosso do Sul,4,Dourados,10,3,2,5,0,0,ASSOCIACAO DE ENSINO SUPERIOR PONTAPORANENSE-AESP,15808,940,Faculdades Magsul,FAMAG,Avenida Presidente Vargas,725,- de 413 a 1799 - lado ímpar,Centro,79904616.0,25,0,0,2,1,5,6,6,1,1,1,0,0,2,0,1,0,0,1,1,1,1,1,9477,3715,55,52,27,25,0,0,19,23,10,5,5,0,16,31,4,6,10,10,9,5,3,5,32,1,12,1,0,6,52,0,0
2023,Nordeste,2,Piauí,PI,22,Teresina,2211001,1,Centro-Norte Piauiense,2,Teresina,3,2,2,4,0,0,INSTITUTO DE ENSINO SUPERIOR DO PIAUI S.A.,16550,1563,CENTRO UNIVERSITÁRIO UNINOVAFAPI,UNINOVAFAPI,Rua Vitorino Orthiges Fernandes,6123,-,Uruguai,64073505.0,212,0,1,0,3,52,39,40,15,28,20,3,4,3,4,1,0,1,1,1,1,0,1,20756,12000,230,230,124,106,0,0,78,90,62,34,0,34,190,6,13,49,53,31,33,19,21,11,28,4,25,1,0,172,230,0,1
2023,Sul,4,Santa Catarina,SC,42,Florianópolis,4205407,1,Grande Florianópolis,5,Florianópolis,16,3,2,4,0,0,CESUSC - COMPLEXO DE ENSINO SUPERIOR DE SANTA CATARINA LTDA,973,1469,FACULDADE CESUSC,,"Rodovia SC 401, Km 10",s/n,CAMPUS  - FLORIANÓPOLIS - SANTO ANTÔNIO DE LISBOA,Santo Antônio de Lisboa,88050001.0,61,4,2,1,2,20,6,9,4,10,1,2,0,0,0,0,0,1,1,1,1,0,1,802,23156,129,129,59,70,0,0,29,71,29,17,0,17,59,53,5,21,25,26,19,24,6,3,107,1,5,0,0,16,125,4,1
2023,Sudeste,3,Espírito Santo,ES,32,Castelo,3201407,0,Sul Espírito-santense,4,Cachoeiro de Itapemirim,12,3,2,4,0,0,"MULTIVIX CACHOEIRO  ENSINO, PESQUISA E EXTENSAO LTDA",833,1245,Faculdade de Castelo - Multivix Castelo,Multivix Castelo,Avenida Nicanor Marques,245,-,Centro,29360000.0,9,0,0,1,0,1,1,2,0,2,0,1,1,0,0,0,0,1,1,1,1,0,0,5000,23000,42,42,27,15,0,0,16,15,11,0,0,0,35,7,3,12,13,8,5,1,0,0,27,0,6,0,0,9,42,0,0
2023,Sudeste,3,São Paulo,SP,35,Praia Grande,3541000,0,Metropolitana de São Paulo,15,Santos,63,3,2,4,0,0,SERVICOS EDUCACIONAIS DO LITORAL PAULISTA LTDA.,1247,1898,FACULDADE DO LITORAL SUL PAULISTA,FALS,Rua Marechal Eurico Gaspar Dutra,836,-,Canto do Forte,11700330.0,18,0,0,0,0,2,6,6,1,1,1,0,0,0,1,0,0,0,1,1,1,0,0,1,0,28,28,14,14,0,0,6,13,9,15,0,15,13,0,0,2,4,6,5,5,2,4,20,0,3,0,0,5,28,0,0
2023,Sudeste,3,Minas Gerais,MG,31,Barbacena,3105608,0,Campo das Vertentes,11,Barbacena,59,3,2,5,0,0,FUNDACAO JOSE BONIFACIO LAFAYETTE DE ANDRADA,220,307,FACULDADE DE MEDICINA DE BARBACENA,FAME,Praça Presidente Antônio Carlos,08,-,São Sebastião,36202336.0,190,1,2,2,1,17,8,49,19,32,9,16,19,5,10,0,0,1,1,1,1,1,1,50,13000,102,101,41,60,0,0,34,41,26,3,0,3,78,20,1,7,16,7,17,16,12,25,88,1,1,0,0,11,101,0,0
2023,Centro-Oeste,5,Goiás,GO,52,Anápolis,5201108,0,Centro Goiano,3,Anápolis,7,3,2,4,0,0,INSTITUTO BRASIL DE CIENCIA & TECNOLOGIA LTDA,1201,1815,FACULDADE DO INSTITUTO BRASIL,FIBRA,Rodovia BR-153/060,3400,KM 97,Zona Urbana,75133566.0,17,0,0,1,1,2,4,2,3,3,0,1,0,0,0,1,0,1,1,1,1,1,1,74,8700,22,22,10,12,0,0,3,11,8,1,0,1,20,1,0,1,5,6,5,4,1,0,14,1,5,0,0,2,22,0,0
2023,Sudeste,3,São Paulo,SP,35,São José do Rio Preto,3549805,0,São José do Rio Preto,1,São José do Rio Preto,4,2,2,4,0,0,SOCIEDADE DE EDUCACAO E CULTURA DE SAO JOSE DO RIO PRETO LTDA.,2013,146,CENTRO UNIVERSITÁRIO DE RIO PRETO,UNIRP,Rua Yvette Gabriel Atique,45,Unidade SEDE,Boa Vista,15025400.0,290,9,4,13,6,67,42,56,24,22,13,12,7,10,5,1,0,0,1,1,1,1,1,2566,3206,292,256,128,128,0,0,80,95,81,69,0,69,57,130,8,15,34,45,48,39,33,34,242,1,10,2,1,0,256,0,0
2023,Sul,4,Paraná,PR,41,Curitiba,4106902,1,Metropolitana de Curitiba,10,Curitiba,37,2,2,4,0,0,UNINTER EDUCACIONAL S/A,981,1491,CENTRO UNIVERSITÁRIO INTERNACIONAL,UNINTER,Rua do Rosário,147,-,Centro,80020110.0,902,3,0,10,15,185,126,184,101,157,97,11,9,1,3,1,0,1,1,1,1,0,1,2598,29124,522,522,289,233,0,0,169,241,112,387,0,387,118,17,25,68,99,95,89,51,51,44,431,7,37,3,1,43,522,0,3
2023,Sul,4,Paraná,PR,41,Guaratuba,4109609,0,Metropolitana de Curitiba,10,Paranaguá,38,3,2,4,0,0,INSTITUTO CAICARA DE PESQUISA E ENSINO SUPERIOR LTDA.,15680,2202,INSTITUTO SUPERIOR DE EDUCAÇÃO DE GUARATUBA,ISEPE Guaratuba,Rua Joaquim Menelau de Almeida Torres,101,-,Piçarras,83280000.0,14,0,0,0,0,0,2,4,1,5,1,0,0,1,0,1,0,1,1,1,1,1,1,229,75,10,10,10,0,0,0,3,3,4,1,1,0,8,1,0,0,3,0,1,1,1,4,7,0,3,0,0,0,10,0,0
2023,Sudeste,3,Rio de Janeiro,RJ,33,Rio de Janeiro,3304557,1,Metropolitana do Rio de Janeiro,6,Rio de Janeiro,18,3,2,5,0,0,FUNDACAO GETULIO VARGAS,110,2126,ESCOLA DE DIREITO DO RIO DE JANEIRO,DIREITO RIO,Praia de Botafogo,190,13º  Andar,Botafogo,22250900.0,56,0,0,0,0,8,4,14,2,15,3,6,4,0,0,1,0,1,1,1,1,1,1,263,20162,51,51,15,36,0,0,0,0,51,24,0,24,27,0,2,4,7,14,12,5,4,3,44,2,1,0,0,4,47,4,1
2023,Sudeste,3,Minas Gerais,MG,31,Barbacena,3105608,0,Campo das Vertentes,11,Barbacena,59,3,2,4,0,0,CENTRO EDUCACIONAL APRENDIZ LTDA,1296,1977,CENTRO DE ESTUDOS SUPERIORES APRENDIZ,CESA,Avenida Bias Fortes,02,-,Centro,36200068.0,2,0,0,0,0,0,0,2,0,0,0,0,0,0,0,0,0,1,0,1,1,1,1,2000,2000,23,23,7,16,0,0,4,18,1,1,1,0,1,21,0,2,3,5,4,3,6,0,19,0,4,0,0,0,23,0,0
2023,Sudeste,3,Minas Gerais,MG,31,Alfenas,3101607,0,Sul/Sudoeste de Minas,10,Alfenas,49,1,1,1,0,0,UNIVERSIDADE FEDERAL DE ALFENAS - UNIFAL-MG,15031,595,UNIVERSIDADE FEDERAL DE ALFENAS,UNIFAL-MG,Rua Gabriel Monteiro da Silva,700,-,Centro,37130001.0,451,0,0,0,0,50,35,47,29,58,66,73,55,23,15,1,0,1,1,1,1,1,1,37223,27856,632,586,282,304,0,3,37,42,504,552,478,74,34,0,14,57,88,126,111,90,61,39,488,9,80,6,1,2,573,13,5
2023,Centro-Oeste,5,Mato Grosso,MT,51,Sorriso,5107925,0,Norte Mato-grossense,1,Alto Teles Pires,6,3,2,4,0,0,EDITORA E DISTRIBUIDORA EDUCACIONAL S/A,14514,1945,FACULDADE ANHANGUERA DE SORRISO,,Avenida Noêmia Tonello Dalmolin - lado ímpar,2499,-,Parque Universitário,78893110.0,33,0,0,0,0,16,2,0,0,7,3,5,0,0,0,0,0,1,1,0,1,1,1,32908,263916,117,117,63,54,0,0,58,15,44,17,0,17,58,42,21,20,16,25,13,7,7,8,83,3,28,1,0,2,117,0,1
2023,Sul,4,Paraná,PR,41,Foz do Iguaçu,4108304,0,Oeste Paranaense,6,Foz do Iguaçu,24,2,2,4,0,0,AIUA EDUCACIONAL LTDA,18192,1716,Centro Universitário União das Américas Descomplica,UNIAMÉRICA,Avenida das Cataratas,1118,Campus Centro,Vila Yolanda,85853000.0,314,0,0,0,4,93,54,60,57,18,17,6,4,1,0,0,0,0,0,0,1,0,0,804,15322,166,166,87,79,0,0,40,83,43,61,0,61,89,16,22,37,31,28,18,17,8,5,104,6,14,1,0,41,165,1,0
2023,Sudeste,3,São Paulo,SP,35,Sorocaba,3552205,0,Macro Metropolitana Paulista,12,Sorocaba,46,2,2,5,0,0,ASSOCIACAO CULTURAL DE RENOVACAO TECNOLOGICA SOROCABANA,444,672,CENTRO UNIVERSITÁRIO FACENS,UniFACENS,"Rodovia Senador José Ermírio de Moraes, Km 1,5",1425,-,Alto da Boa Vista,18087125.0,606,4,4,2,2,103,190,68,83,19,18,29,43,20,21,0,0,1,1,1,1,1,1,198,13263,149,148,55,93,0,0,17,77,54,38,0,38,73,37,8,21,35,29,16,18,11,10,131,2,5,0,0,10,148,0,0
2023,Nordeste,2,Bahia,BA,29,Vitória da Conquista,2933307,0,Centro Sul Baiano,6,Vitória da Conquista,28,3,2,4,0,0,INSTITUTO DE ENSINO SUPERIOR JUVENCIO TERRA LTDA - ME,879,1318,FACULDADE UNINASSAU VITÓRIA DA CONQUISTA,,Avenida Otávio Santos,132,-,Recreio,45020750.0,46,0,0,1,1,7,7,13,6,2,2,2,2,2,1,1,0,1,1,1,1,1,1,517000,29000,85,85,47,38,0,0,29,42,14,37,0,37,31,17,8,15,25,20,9,7,0,1,52,1,32,0,0,0,84,1,0
2023,Centro-Oeste,5,Distrito Federal,DF,53,Brasília,5300108,1,Distrito Federal,1,Brasília,1,2,2,5,0,0,CENTRO DE ENSINO UNIFICADO DE BRASILIA CEUB,277,402,CENTRO UNIVERSITÁRIO DE BRASÍLIA,UNICEUB,Eqn 707 907 Conjunto C,S/N,Campus do CEUB,Asa Norte,70790075.0,359,0,0,0,0,47,51,80,73,60,39,5,4,0,0,1,0,1,1,1,1,0,1,19485,28429,756,751,332,419,0,0,176,335,240,147,0,147,291,313,12,88,108,124,137,102,83,97,499,20,191,2,3,36,747,4,7
2023,Sudeste,3,São Paulo,SP,35,São Paulo,3550308,1,Metropolitana de São Paulo,15,São Paulo,61,2,2,4,0,0,"IREP SOCIEDADE DE ENSINO SUPERIOR, MEDIO E FUNDAMENTAL LTDA.",545,793,Centro Universitário Estácio de São Paulo,ESTÁCIO SÃO PAULO,Avenida Engenheiro Armando de Arruda Pereira,673,- até 1651 - lado ímpar,Jabaquara,4309010.0,238,0,0,1,0,4,25,45,21,50,18,18,34,11,11,0,0,1,0,0,1,0,1,36000,25000,246,246,130,116,0,0,40,144,62,57,0,57,66,123,9,35,39,30,54,36,23,20,81,3,28,4,1,129,245,1,1
2023,Sudeste,3,São Paulo,SP,35,Itápolis,3522703,0,Araraquara,5,Araraquara,24,3,2,4,0,0,ASSOCIACAO EDUCACIONAL E CULTURAL DE ITAPOLIS LTDA - EPP,853,1279,FACULDADE DE ITÁPOLIS - FACITA,FACITA,Rua Mário de Souza Castro,200,-,Santa Mônica,14900000.0,6,0,0,0,0,0,0,0,1,2,0,2,1,0,0,0,0,1,0,1,1,1,1,62,0,15,15,10,5,0,0,6,9,0,5,0,5,1,9,0,1,4,3,1,1,2,3,15,0,0,0,0,0,15,0,0
2023,Sudeste,3,Rio de Janeiro,RJ,33,Petrópolis,3303906,0,Metropolitana do Rio de Janeiro,6,Serrana,15,3,2,5,0,0,FUNDACAO OCTACILIO GUALBERTO,328,475,FACULDADE DE MEDICINA DE PETRÓPOLIS,FMP,Avenida Barão do Rio Branco,1003,-,Centro,25680120.0,376,22,24,13,14,58,38,48,26,87,38,6,2,0,0,0,0,1,0,1,1,0,1,1031,16412,348,345,203,142,0,0,56,175,114,95,0,95,229,21,5,15,43,56,42,44,48,92,309,1,11,3,1,20,340,5,1
2023,Sudeste,3,São Paulo,SP,35,Mogi das Cruzes,3530607,0,Metropolitana de São Paulo,15,Mogi das Cruzes,62,1,2,4,0,0,ORGANIZACAO MOGIANA DE EDUCACAO E CULTURA SOCIEDADE SIMPLES LIMITADA,362,521,UNIVERSIDADE DE MOGI DAS CRUZES,UMC,Avenida Doutor Cândido Xavier de Almeida Souza,200,Campus Universitário,Centro Cívico,8780911.0,268,0,0,4,4,69,73,45,37,11,6,7,5,4,3,1,0,1,0,0,1,1,1,0,28510,463,454,199,255,0,0,118,194,142,189,0,189,159,106,16,23,40,73,86,68,56,92,350,9,57,19,0,19,447,7,4
2023,Sudeste,3,São Paulo,SP,35,São Paulo,3550308,1,Metropolitana de São Paulo,15,São Paulo,61,2,2,5,1,0,FUNDACAO ESCOLA DE COMERCIO ALVARES PENTEADO - FECAP,151,213,CENTRO UNIVERSITÁRIO ÁLVARES PENTEADO,FECAP,Avenida da Liberdade,532,Bloco C,Liberdade,1502001.0,200,1,1,8,9,37,36,29,25,15,20,7,3,1,8,1,0,1,1,1,1,1,1,62,158,101,99,32,67,0,0,0,30,69,25,0,25,22,52,0,3,12,17,30,15,7,15,81,3,10,2,0,3,98,1,0
2023,Sudeste,3,Minas Gerais,MG,31,Extrema,3125101,0,Sul/Sudoeste de Minas,10,Pouso Alegre,52,3,2,5,0,0,SOCIEDADE UNIFICADA DE EDUCACAO DE EXTREMA,1477,2270,FACULDADE DE CIÊNCIAS SOCIAIS APLICADAS DE EXTREMA,FAEX,Estrada Municipal Pedro Rosa da Silva,s/n,-,Vila Rica,37640000.0,55,5,2,0,2,17,6,9,3,4,5,0,2,0,0,1,0,1,1,1,1,1,1,10644,10644,54,53,22,31,0,0,21,28,4,0,0,0,0,53,4,3,12,12,9,8,1,4,47,1,0,1,0,4,53,0,0
2023,Sudeste,3,Minas Gerais,MG,31,Manhuaçu,3139409,0,Zona da Mata,12,Manhuaçu,61,2,2,4,0,0,CENTRO SUPERIOR DE ESTUDOS DE MANHUACU LTDA,1301,1984,Centro Universitário Unifacig,,Rua Darcy César de Oliveira Leite,600,-,Alfa Sul,36900000.0,86,2,2,0,1,11,11,18,10,6,4,12,7,1,1,0,0,1,1,1,1,1,1,890,208015,122,122,66,56,0,0,11,87,24,56,20,36,60,6,11,25,34,20,19,8,3,2,68,2,36,1,0,15,122,0,1
2023,Nordeste,2,Bahia,BA,29,Porto Seguro,2925303,0,Sul Baiano,7,Porto Seguro,32,3,2,4,0,0,NASCIMENTO CONSULTORIA E ASSESSORIA EDUCACIONAL LTDA,18642,2140,FACULDADE NOSSA SENHORA DE LOURDES,FNSL,Rua Manoel Fernandes  Almeida,51,-,Centro,45810000.0,4,0,0,0,0,1,0,0,1,1,1,0,0,0,0,0,0,0,0,1,1,1,0,32,2698,6,6,4,2,0,0,3,2,1,6,5,1,0,0,0,0,0,1,1,1,0,3,1,0,3,0,0,2,6,0,0
2023,Sudeste,3,Minas Gerais,MG,31,Luz,3138807,0,Central Mineira,6,Bom Despacho,26,3,2,5,0,0,OBRAS SOCIAIS E EDUCACIONAIS DE LUZ,488,727,"FACULDADE DE FILOSOFIA, CIÊNCIAS E LETRAS DO ALTO SÃO FRANCISCO",FASF,Rua Nossa Senhora de Fátima,307,-,Centro,35595000.0,33,0,0,1,2,5,0,3,1,8,4,3,5,1,0,1,0,1,1,1,1,1,1,265,18000,59,59,25,34,0,0,21,26,12,11,0,11,48,0,4,3,12,14,8,12,4,2,42,2,15,0,0,0,58,1,0
2023,Sudeste,3,São Paulo,SP,35,São Paulo,3550308,1,Metropolitana de São Paulo,15,São Paulo,61,1,2,5,0,0,CEISP SERVICOS EDUCACIONAIS LTDA,16878,319,UNIVERSIDADE BRASIL,UB,Rua Carolina Fonseca,584,Campus Sede - Itaquera,ITAQUERA,8230030.0,151,0,0,0,2,30,22,51,27,10,2,2,2,1,2,1,0,1,1,1,1,1,1,2600,216514,368,367,187,180,0,0,114,139,114,119,0,119,155,93,13,48,69,81,55,30,25,46,225,2,19,3,1,117,364,3,2
2023,Sudeste,3,São Paulo,SP,35,Sertãozinho,3551702,0,Ribeirão Preto,2,Ribeirão Preto,14,3,2,4,0,0,ANHANGUERA EDUCACIONAL PARTICIPACOES S/A,16452,1456,FACULDADE ANHANGUERA DE SERTÃOZINHO,FASERT,Avenida Antônio Paschoal,1954,-,Jardim São José,14170700.0,18,0,0,1,0,5,2,3,4,0,0,3,0,0,0,0,0,1,1,0,1,1,1,32908,263916,57,57,27,30,0,0,9,15,33,8,0,8,31,18,1,8,9,12,12,4,5,6,44,2,9,0,0,2,57,0,0
2023,Sudeste,3,São Paulo,SP,35,Itapetininga,3522307,0,Itapetininga,11,Itapetininga,42,3,2,4,0,0,CIESPT ENSINO SUPERIOR DE ITAPETININGA LTDA.,823,1219,INSTITUTO ITAPETININGANO DE ENSINO SUPERIOR,IIES,Rua Izolina de Morais Rosa,727,-,Vila Nastri,18206320.0,19,0,0,0,1,3,5,3,1,4,1,0,0,1,0,0,0,0,1,1,1,0,1,350,23000,49,49,27,22,0,0,26,17,6,4,0,4,45,0,0,11,11,4,9,3,7,4,38,0,2,2,0,7,49,0,0
2023,Norte,1,Pará,PA,15,Belém,1501402,1,Metropolitana de Belém,3,Belém,7,2,2,5,0,0,ASSOCIACAO CULTURAL E EDUCACIONAL DO PARA,544,792,CENTRO UNIVERSITÁRIO DO ESTADO DO PARÁ,CESUPA,Avenida Governador José Malcher,1963,Campus José Malcher,São Brás,66060232.0,339,10,2,19,4,124,79,21,48,6,17,3,6,0,0,1,0,1,1,0,1,1,1,3140,41683,355,354,209,145,0,0,25,185,144,118,0,118,220,16,6,50,55,60,65,42,39,37,152,8,181,2,1,10,353,1,1
2023,Sul,4,Rio Grande do Sul,RS,43,Canoas,4304606,0,Metropolitana de Porto Alegre,5,Porto Alegre,26,1,2,5,0,1,AELBRA EDUCACAO SUPERIOR - GRADUACAO E POS-GRADUACAO S.A. EM RECUPERACAO JUDICIAL,314,449,UNIVERSIDADE LUTERANA DO BRASIL,ULBRA,Avenida Farroupilha,8001,-,São José,92425900.0,521,0,3,4,4,182,87,98,50,54,25,6,7,0,1,1,0,1,1,1,1,0,1,8540,28710,662,619,310,309,0,0,149,292,178,203,0,203,319,97,13,49,74,90,92,88,102,111,598,5,14,1,1,0,615,4,3
2023,Sul,4,Rio Grande do Sul,RS,43,Pelotas,4314407,0,Sudeste Rio-grandense,7,Pelotas,33,4,1,1,0,0,"INSTITUTO FEDERAL DE EDUCACAO, CIENCIA E TECNOLOGIA SUL-RIO-GRANDENSE - RS",15520,1578,"INSTITUTO FEDERAL DE EDUCAÇÃO, CIÊNCIA E TECNOLOGIA SUL-RIO-GRANDENSE",IFSul,Rua Gonçalves Chaves,3218,-,Centro,96015560.0,777,0,0,2,1,20,31,54,66,175,159,139,75,35,20,1,0,0,0,1,1,1,1,15530,1734,333,331,110,221,0,2,9,137,183,330,317,13,1,0,4,16,50,79,62,57,36,27,303,3,8,0,0,17,331,0,2
2023,Nordeste,2,Bahia,BA,29,Salvador,2927408,1,Metropolitana de Salvador,5,Salvador,21,3,2,4,0,0,EMPREENDIMENTOS DE EDUCACAO CASTRO ALVES LTDA,17021,1394,FACULDADE CASTRO ALVES,FCA,R. Marechal Andréia,359,-,Pituba,,75,0,0,3,0,21,12,13,15,7,4,0,0,0,0,1,0,1,1,1,1,1,1,356,1000000,22,22,14,8,0,0,0,12,10,7,0,7,14,1,0,5,2,6,4,3,2,0,4,0,8,1,0,9,22,0,1
2023,Sul,4,Santa Catarina,SC,42,Navegantes,4211306,0,Vale do Itajaí,4,Itajaí,13,3,2,4,0,0,SINERGIA SISTEMA DE ENSINO LTDA - EPP,1298,1980,FACULDADE SINERGIA,SINERGIA,Avenida Prefeito Cirino Adolfo Cabral,199,- até 698/699,São Pedro,88370053.0,24,0,0,0,0,2,2,3,3,3,4,3,1,1,2,0,0,0,0,0,1,1,1,100,16062,45,42,17,25,0,0,9,22,11,1,0,1,10,31,0,8,5,13,5,5,2,4,38,0,4,0,0,0,42,0,0
2023,Sudeste,3,São Paulo,SP,35,Jundiaí,3525904,0,Macro Metropolitana Paulista,12,Jundiaí,47,3,1,3,0,0,MUNICIPIO DE JUNDIAI,74,93,FACULDADE DE MEDICINA DE JUNDIAÍ,FMJ,Rua Francisco Telles,250,-,VILA ARENS,13202550.0,66,0,0,0,0,23,16,14,11,2,0,0,0,0,0,1,0,1,0,1,1,1,1,23415,4233,159,157,68,89,0,0,10,48,99,1,0,1,156,0,1,7,8,31,24,23,22,41,154,0,1,2,0,0,157,0,1
2023,Sudeste,3,Rio de Janeiro,RJ,33,Rio de Janeiro,3304557,1,Metropolitana do Rio de Janeiro,6,Rio de Janeiro,18,1,1,1,0,0,UNIVERSIDADE FEDERAL DO ESTADO DO RIO DE JANEIRO,461,693,UNIVERSIDADE FEDERAL DO ESTADO DO RIO DE JANEIRO,UNIRIO,Avenida Pasteur,296,-,Urca,22290240.0,1357,1,9,3,16,90,87,162,76,359,196,179,91,63,25,1,0,1,1,1,1,1,1,0,13044,900,895,477,418,0,0,16,117,762,837,673,164,57,1,2,13,72,148,121,140,128,271,411,14,37,2,1,430,875,20,5
2023,Sudeste,3,Rio de Janeiro,RJ,33,Rio de Janeiro,3304557,1,Metropolitana do Rio de Janeiro,6,Rio de Janeiro,18,3,2,4,0,0,UNIESP S.A,16134,202,FACULDADE DO RIO DE JANEIRO,,Rua General Caldwell,189/197,-,Centro,20230192.0,4,0,0,0,0,1,0,0,1,0,2,0,0,0,0,1,0,1,0,1,1,1,1,22203,13336,4,4,2,2,0,0,2,1,1,1,0,1,2,1,0,0,0,1,0,0,1,2,1,1,0,0,0,2,4,0,0
2023,Sudeste,3,Espírito Santo,ES,32,Vila Velha,3205200,0,Central Espírito-santense,3,Vitória,9,1,2,4,0,0,SOCIEDADE EDUCACAO E GESTAO DE EXCELENCIA I VILA VELHA S.A,17982,664,UNIVERSIDADE VILA VELHA,UVV,Av. Comissário José Dantas de Mello,21,Unidade SEDE,Boa Vista II,29102920.0,250,0,1,2,3,46,49,60,37,27,12,10,2,1,0,1,0,1,1,1,1,0,1,100000,10000,351,350,183,167,0,0,36,171,143,122,0,122,166,62,5,30,48,67,79,47,41,33,297,3,38,6,0,6,348,2,5
2023,Sudeste,3,Minas Gerais,MG,31,Juiz de Fora,3136702,0,Zona da Mata,12,Juiz de Fora,65,3,2,5,0,0,INSTITUTO ENSINAR BRASIL,218,2220,Faculdade Doctum de Juiz de Fora,DOCTUM,Estrada Dom Orione,s/n,-,Dom Bosco,36025660.0,38,0,0,2,0,10,19,3,1,0,1,1,0,0,1,0,0,0,1,0,1,0,0,90,13376,68,68,24,44,0,0,4,37,27,0,0,0,68,0,2,10,7,16,16,4,7,6,43,1,9,0,0,15,68,0,0
2023,Sudeste,3,Rio de Janeiro,RJ,33,Rio de Janeiro,3304557,1,Metropolitana do Rio de Janeiro,6,Rio de Janeiro,18,3,1,1,0,0,INSTITUTO MILITAR DE ENGENHARIA,17169,633,INSTITUTO MILITAR DE ENGENHARIA,IME,Praça General Tibúrcio,80,-,URCA,22290270.0,271,0,4,0,2,7,96,4,78,16,39,4,12,3,6,1,0,1,1,1,1,0,1,0,17850,222,220,31,189,0,0,0,53,167,186,54,132,34,0,1,7,25,35,28,37,27,60,165,3,27,1,0,24,217,3,0
2023,Sudeste,3,Minas Gerais,MG,31,Lavras,3138203,0,Campo das Vertentes,11,Lavras,57,1,1,1,0,0,UNIVERSIDADE FEDERAL DE LAVRAS,8137,592,UNIVERSIDADE FEDERAL DE LAVRAS,UFLA,Trevo Rotatório Professor Edmir Sá Santos,S/N,-,Universidade Federal de Lavras,37203202.0,575,0,3,1,2,4,20,27,40,87,109,81,106,55,40,1,0,1,1,0,1,1,1,32217,27293,865,854,341,513,0,0,28,41,785,846,759,87,8,0,9,71,185,184,129,89,101,86,380,16,68,4,0,386,836,18,0
2023,Norte,1,Amapá,AP,16,Macapá,1600303,1,Sul do Amapá,2,Macapá,3,3,2,5,0,0,IGREJA EVANGELICA ASSEMBLEIA DE DEUS DE MACAPA,1361,2069,FACULDADE DE TEOLOGIA E CIÊNCIAS HUMANAS,FATECH,Avenida Professora Cora de Carvalho,1648,- até 2399/2400,Central,68900040.0,10,0,1,0,0,2,1,0,1,1,2,1,1,0,0,0,0,0,1,1,1,1,1,9,2500,13,13,7,6,0,0,5,5,3,3,0,3,2,8,0,1,2,0,3,1,4,2,5,2,5,0,0,1,13,0,0
2023,Norte,1,Pará,PA,15,Belém,1501402,1,Metropolitana de Belém,3,Belém,7,3,2,4,0,0,SOCIEDADE EDUCACIONAL IDEAL LTDA,941,1423,Faculdade Ideal Wyden,Faci Wyden,TRAVESSA TUPINAMBÁS,461,ENTRE AS RUAS MUNDURUCUS E PARIQUIS,BATISTA CAMPOS,66025610.0,131,0,1,1,2,11,22,18,3,13,10,24,19,3,4,0,0,1,1,0,1,1,1,36000,25000,120,120,75,45,0,0,14,79,27,26,0,26,42,52,4,29,31,25,18,9,1,3,38,1,23,0,0,58,119,1,0
2023,Nordeste,2,Bahia,BA,29,Salvador,2927408,1,Metropolitana de Salvador,5,Salvador,21,2,2,4,0,0,"IREP SOCIEDADE DE ENSINO SUPERIOR, MEDIO E FUNDAMENTAL LTDA.",545,1058,Centro Universitário Estácio da Bahia,Estácio Bahia,Rua Xingu,179,Jardim Atalaia,STIEP,41770130.0,221,0,0,0,0,21,21,18,15,60,21,29,20,11,5,0,0,1,0,0,1,0,1,36000,25000,287,287,168,119,0,0,67,142,78,83,0,83,81,123,5,48,57,54,50,31,19,23,69,12,46,0,2,158,285,2,2
2023,Sudeste,3,São Paulo,SP,35,Rio Claro,3543907,0,Piracicaba,6,Rio Claro,26,2,2,5,1,0,ACAO EDUCACIONAL CLARETIANA,780,1854,CLARETIANO - CENTRO UNIVERSITÁRIO,,Avenida Santo Antonio Maria Claret,1724,- de 1144/1145 a 1723/1724,Jardim Claret,13503257.0,141,2,4,12,3,25,19,27,12,13,7,5,7,1,4,0,0,1,1,1,1,0,1,3011,43239,121,121,54,67,0,0,39,45,37,17,1,16,70,34,3,5,16,18,31,18,13,17,110,0,4,0,0,7,121,0,0
2023,Nordeste,2,Bahia,BA,29,Salvador,2927408,1,Metropolitana de Salvador,5,Salvador,21,3,2,5,0,0,FUNDACAO VISCONDE DE CAIRU,111,1363,FACULDADE VISCONDE DE CAIRÚ,FAVIC,RUA DO SALETE,50,-,BARRIS,40070200.0,47,0,2,3,4,10,10,3,7,3,2,2,1,0,0,0,0,0,0,1,1,1,1,253,12000,108,106,52,54,0,0,25,59,22,22,0,22,22,62,2,6,12,10,18,13,18,27,38,13,45,0,1,9,105,1,0
2023,Nordeste,2,Bahia,BA,29,Salvador,2927408,1,Metropolitana de Salvador,5,Salvador,21,3,2,4,0,0,SOCIEDADE EDUCACIONAL BRASILEIRA - SABER LTDA,17450,1937,FACULDADE EVANGÉLICA DE SALVADOR,FACESA,Avenida Antônio Carlos Magalhães,3749,#NOME?,Pituba,41830355.0,4,0,0,1,0,0,1,1,0,1,0,0,0,0,0,0,0,1,1,1,1,1,1,20,11,5,4,3,1,0,0,1,1,2,0,0,0,4,0,0,0,1,0,1,1,1,0,0,0,4,0,0,0,4,0,0
2023,Sudeste,3,Minas Gerais,MG,31,Juiz de Fora,3136702,0,Zona da Mata,12,Juiz de Fora,65,1,1,1,0,0,UNIVERSIDADE FEDERAL DE JUIZ DE FORA UFJF,15648,576,UNIVERSIDADE FEDERAL DE JUIZ DE FORA,UFJF,Campus Universitário,s/n,UFJF,São Pedro,36036900.0,1241,0,12,1,3,26,39,58,101,248,201,276,183,52,41,1,0,1,1,1,1,1,1,17,397,1775,1713,792,921,0,6,85,206,1416,1584,1346,238,129,0,38,138,227,354,279,239,210,228,684,28,109,9,0,883,1692,21,3
2023,Sul,4,Rio Grande do Sul,RS,43,São Leopoldo,4318705,0,Metropolitana de Porto Alegre,5,Porto Alegre,26,3,2,5,1,1,INSTITUICAO SINODAL DE ASSISTENCIA EDUCACAO E CULTURA,915,1382,Faculdades EST,EST,Rua Amadeo Rossi,467,-,Morro do Espelho,93030220.0,32,2,1,1,1,4,8,7,3,3,0,1,1,0,0,1,0,1,1,0,1,1,1,52000,113,25,25,9,16,0,0,2,6,17,8,8,0,7,10,0,0,1,1,3,6,4,10,24,1,0,0,0,0,25,0,0
2023,Sudeste,3,Rio de Janeiro,RJ,33,Rio de Janeiro,3304557,1,Metropolitana do Rio de Janeiro,6,Rio de Janeiro,18,3,1,1,0,0,FUNDACAO INSTIT BRAS DE GEOGRAFIA E ESTATISTICA IBGE,26,26,ESCOLA NACIONAL DE CIÊNCIAS ESTATÍSTICAS,ENCE,Rua André Cavalcanti,106,-,Santa Teresa,20231050.0,80,0,0,0,0,1,6,1,1,11,7,9,8,17,19,1,0,0,1,1,1,0,1,84,1517,33,33,16,17,0,0,0,5,28,29,2,27,4,0,0,1,3,7,8,7,3,4,22,1,4,1,1,4,33,0,0
2023,Sudeste,3,São Paulo,SP,35,Americana,3501608,0,Campinas,7,Campinas,32,3,1,2,0,0,CENTRO ESTADUAL DE EDUCACAO TECNOLOGICA PAULA SOUZA,33,35,"FACULDADE DE TECNOLOGIA DE AMERICANA ""MINISTRO RALPH BIASI""",FATEC-AM,Rua Emílio de Menezes,s/n,-,Vila Amorim,13469111.0,14,0,0,0,0,2,1,6,1,3,1,0,0,0,0,1,0,0,1,1,1,0,1,1,0,143,141,35,106,0,0,39,64,38,14,4,10,79,48,1,6,21,17,19,23,19,35,135,0,6,0,0,0,140,1,0
2023,Sul,4,Paraná,PR,41,Ibaiti,4109708,0,Norte Pioneiro Paranaense,4,Ibaiti,17,3,2,5,0,0,UNIESP S.A,16134,1449,FACULDADE DE IBAITI,FEATI,Avenida Tertuliano de Moura Bueno,1400,Prédio,Flamenguinho,84900000.0,9,0,0,2,0,0,3,2,0,2,0,0,0,0,0,0,0,0,1,1,1,0,1,22203,11213,9,9,5,4,0,0,7,2,0,1,0,1,4,4,0,2,1,1,1,3,0,1,8,1,0,0,0,0,9,0,0
2023,Nordeste,2,Pernambuco,PE,26,Recife,2611606,1,Metropolitana de Recife,5,Recife,17,1,2,5,1,1,ASSOCIACAO ANTONIO VIEIRA,14,11,UNIVERSIDADE CATÓLICA DE PERNAMBUCO,UNICAP,Rua do Príncipe,526,Campus Universitário-UNICAP,Boa Vista,50050900.0,416,1,4,7,8,43,67,103,81,45,31,7,16,1,2,1,0,0,0,0,1,1,1,174,15459,539,534,246,288,0,0,41,207,286,169,0,169,198,167,4,50,72,73,77,70,64,124,362,20,149,3,0,0,531,3,1
2023,Sudeste,3,São Paulo,SP,35,Franca,3516200,0,Ribeirão Preto,2,Franca,12,1,2,4,0,0,ACEF S/A.,342,496,UNIVERSIDADE DE FRANCA,UNIFRAN,Avenida Doutor Armando Sales Oliveira,201,-,Parque Universitário,14404600.0,185,1,1,6,5,49,52,35,19,13,3,0,0,0,1,1,0,1,1,0,1,0,1,50015,31907,504,502,274,228,0,0,36,276,190,168,0,168,176,158,5,32,81,88,93,79,62,62,425,13,47,3,0,14,501,1,1
2023,Sul,4,Santa Catarina,SC,42,São Bento do Sul,4215802,0,Norte Catarinense,2,São Bento do Sul,7,3,2,5,0,0,UNIAO CRISTA - ASSOCIACAO SOCIAL E EDUCACIONAL,3296,1827,FACULDADE LUTERANA DE TEOLOGIA,FLT,"Wally Malschitzki, Enfermeira - r- M Preto",164,-,Mato Preto,89285295.0,15,0,0,1,0,2,0,2,0,8,1,0,1,0,0,0,0,0,0,1,1,0,1,0,0,10,10,2,8,0,1,0,1,8,6,6,0,2,2,0,0,0,2,0,2,5,1,10,0,0,0,0,0,10,0,0
2023,Sul,4,Rio Grande do Sul,RS,43,Osório,4313508,0,Metropolitana de Porto Alegre,5,Osório,27,2,2,5,1,0,CAMPANHA NACIONAL DE ESCOLAS DA COMUNIDADE,407,626,CENTRO UNIVERSITÁRIO CENECISTA DE OSÓRIO,UNICNEC,Rua 24 de Maio,141,-,Centro,95520000.0,58,0,0,4,0,12,10,12,7,3,3,2,2,0,3,1,0,1,1,1,1,1,1,180,10000,51,50,31,19,0,0,4,29,17,7,0,7,27,16,2,6,12,8,7,8,0,7,40,0,2,0,0,8,50,0,0
2023,Sul,4,Santa Catarina,SC,42,Rio do Sul,4214805,0,Vale do Itajaí,4,Rio do Sul,11,2,2,5,1,0,FUNDACAO UNIVERSIDADE PARA O DESENVOLVIMENTO DO ALTO VALE DO ITAJAI - UNIDAVI -,64,80,CENTRO UNIVERSITÁRIO PARA O DESENVOLVIMENTO DO ALTO VALE DO ITAJAÍ,UNIDAVI,Rua Dr. Guilherme Gemballa,13,UNIDAVI,Jardim América,89160932.0,83,0,0,0,0,10,9,15,9,25,11,2,2,0,0,0,0,1,1,1,1,1,1,13000,2700,334,334,156,178,0,0,182,108,44,70,0,70,127,137,20,50,67,61,58,25,29,24,323,1,4,3,0,3,334,0,4
2023,Sudeste,3,São Paulo,SP,35,Garça,3516705,0,Marília,9,Marília,38,3,2,4,0,0,SOCIEDADE CULTURAL E EDUCACIONAL DE GARCA S/S LTDA,585,1307,FACULDADE DE ENSINO SUPERIOR E FORMAÇÃO INTEGRAL,FAEF,Comandante João Ribeiro de Barros,s/n,SP 294,Acesso a Garça km 1,17400000.0,153,3,5,3,9,25,32,15,5,13,8,11,12,6,6,0,0,1,1,1,1,1,1,15,4550,51,51,29,22,0,0,12,23,16,7,7,0,44,0,6,11,13,6,6,5,3,1,46,1,4,0,0,0,51,0,0
2023,Sudeste,3,Rio de Janeiro,RJ,33,Resende,3304201,0,Sul Fluminense,5,Vale do Paraíba Fluminense,11,3,2,5,0,0,ASSOCIACAO EDUCACIONAL DOM BOSCO,327,474,FACULDADE DE FILOSOFIA CIÊNCIAS E LETRAS DOM BOSCO,FFCLDB,Avenida Professor Antonio Esteves,01,-,Morada da Colina,27523000.0,59,0,1,0,2,7,4,18,9,7,6,0,5,0,0,0,0,1,1,0,1,1,1,361,12000,29,29,18,11,0,0,7,13,9,5,0,5,10,14,0,2,4,7,4,5,2,5,20,1,5,0,0,3,29,0,1
2023,Sul,4,Rio Grande do Sul,RS,43,Caxias do Sul,4305108,0,Nordeste Rio-grandense,2,Caxias do Sul,16,2,2,4,0,0,SOCIEDADE EDUCACIONAL SANTA RITA S.A.,943,1427,CENTRO UNIVERSITÁRIO DA SERRA GAÚCHA,FSG,Rua Marechal Floriano,1229,Centro Universitário da Serra Gaúcha - campus sede,Pio X,95020371.0,89,0,0,3,2,40,10,17,5,6,3,1,1,1,0,0,0,1,1,1,1,0,1,15043,31907,471,471,258,213,0,0,47,263,161,117,0,117,136,218,13,63,89,97,76,63,39,31,392,8,43,3,0,25,467,4,2
2023,Sul,4,Santa Catarina,SC,42,Florianópolis,4205407,1,Grande Florianópolis,5,Florianópolis,16,3,2,4,0,0,SISTEMA DE ENSINO VIVA LTDA,18611,1585,FACULDADE ENERGIA,,Rua Saldanha Marinho,51,-,Centro,88010450.0,10,0,0,0,0,1,2,3,0,1,0,0,3,0,0,0,0,1,1,1,1,1,0,100,200,23,18,5,13,0,0,9,8,1,1,0,1,1,16,0,4,2,3,5,1,2,1,15,0,1,0,0,2,17,1,0
2023,Sul,4,Paraná,PR,41,Telêmaco Borba,4127106,0,Centro Oriental Paranaense,5,Telêmaco Borba,19,2,2,4,0,0,FATEB EDUCACAO INTEGRAL LTDA,1008,1536,Centro Universitário UNIFATEB,,Avenida Marechal Floriano Peixoto,1181,-,Alto das Oliveiras,84266010.0,49,0,0,0,0,19,5,12,3,6,4,0,0,0,0,0,0,0,1,0,1,0,1,355,30239,88,88,47,41,0,0,45,28,15,41,1,40,11,36,11,28,15,15,5,4,6,4,74,0,6,0,0,8,88,0,1
2023,Sudeste,3,Minas Gerais,MG,31,Muriaé,3143906,0,Zona da Mata,12,Muriaé,63,2,2,4,0,0,LAEL VARELLA EDUCACAO E CULTURA LTDA,1260,1913,CENTRO UNIVERSITÁRIO FAMINAS,UNIFAMINAS,Av Avenida Cristiano Ferreira Varella,655,Rodovia BR 116 Km 701,Universitário,36888233.0,193,0,1,0,1,0,53,0,78,0,26,0,22,0,12,0,0,1,1,1,1,1,1,9000,12000,184,173,92,81,0,0,33,79,61,57,0,57,45,71,8,44,46,30,24,9,7,5,140,4,27,0,1,1,173,0,0
2023,Sudeste,3,São Paulo,SP,35,Ribeirão Preto,3543402,0,Ribeirão Preto,2,Ribeirão Preto,14,2,2,5,0,0,ORGANIZACAO EDUCACIONAL BARAO DE MAUA,98,138,CENTRO UNIVERSITÁRIO BARÃO DE MAUÁ,CBM,Rua Ramos de Azevedo,423,-,Jardim Paulista,14090180.0,344,0,0,18,8,100,70,55,36,25,5,9,6,6,6,0,0,1,1,1,1,0,1,22000,22140,345,337,197,140,0,0,54,122,161,71,0,71,185,81,5,35,60,58,69,47,30,33,311,1,16,7,2,0,336,1,0
2023,Sudeste,3,Espírito Santo,ES,32,Vila Velha,3205200,0,Central Espírito-santense,3,Vitória,9,3,2,4,0,0,NOVO MILENIO EDUCACAO LTDA,17847,1308,FACULDADE NOVO MILÊNIO,FNM,Avenida Santa Leopoldina,840,- de 631/632 a 999/1000,Coqueiral de Itaparica,29102375.0,17,0,0,0,0,1,3,6,2,1,1,0,1,2,0,0,0,0,1,1,1,1,0,35000,35000,41,40,21,19,0,0,7,28,5,9,0,9,17,14,0,2,6,6,10,6,5,5,30,1,9,0,0,0,40,0,1
2023,Sudeste,3,São Paulo,SP,35,São Paulo,3550308,1,Metropolitana de São Paulo,15,São Paulo,61,1,2,4,0,0,CRUZEIRO DO SUL EDUCACIONAL S.A.,159,221,UNIVERSIDADE CRUZEIRO DO SUL,UNICSUL,Avenida Doutor Ussiel Cirilo,111 a 213,-,Vila Jacuí,8060070.0,688,0,0,5,5,179,119,165,98,61,39,4,5,6,2,1,0,1,1,0,1,0,1,50015,31907,818,818,417,401,0,0,77,415,326,280,0,280,191,347,20,80,116,129,144,124,105,100,630,13,145,10,0,20,813,5,6
2023,Sul,4,Santa Catarina,SC,42,Lages,4209300,0,Serrana,3,Campos de Lages,10,1,2,5,0,0,FUNDACAO DAS ESCOLAS UNIDAS DO PLANALTO CATARINENSE,334,1189,UNIVERSIDADE DO PLANALTO CATARINENSE,UNIPLAC,Avenida Castelo Branco,170,-,Universitário,88509900.0,146,0,0,1,1,31,11,38,19,27,9,5,3,1,0,1,0,1,1,1,1,1,0,0,12000,414,412,206,206,0,0,209,151,52,78,2,76,147,187,11,48,60,82,55,44,60,52,374,4,8,3,1,22,411,1,2
2023,Norte,1,Rondônia,RO,11,Pimenta Bueno,1100189,0,Leste Rondoniense,2,Vilhena,7,3,2,4,0,0,PIMENTA BUENO SERVICOS EDUCACIONAIS LTDA,17846,1403,Faculdade Estácio de Pimenta Bueno,Estácio FAP,Avenida Castelo Branco,780,-,Centro,76970000.0,41,1,1,0,0,3,1,3,1,13,11,3,4,0,0,0,0,1,1,0,1,0,1,36000,25000,40,40,21,19,0,0,15,15,10,14,0,14,9,17,4,8,13,5,5,2,2,1,13,0,9,0,0,18,40,0,0
2023,Nordeste,2,Piauí,PI,22,Teresina,2211001,1,Centro-Norte Piauiense,2,Teresina,3,3,2,4,0,0,C VIEIRA SERVICOS - EPP,1102,1677,FACULDADE DE ENSINO SUPERIOR DO PIAUÍ,FAESPI,Rua Primeiro de Maio,2235,-,Primavera,64002510.0,7,0,1,0,0,0,3,2,0,0,0,0,1,0,0,0,0,0,1,1,1,1,0,45,45,43,38,26,12,0,0,15,19,4,8,0,8,19,11,8,8,4,6,4,2,4,2,12,5,21,0,0,0,38,0,0
2023,Sudeste,3,Rio de Janeiro,RJ,33,Rio de Janeiro,3304557,1,Metropolitana do Rio de Janeiro,6,Rio de Janeiro,18,2,2,4,0,0,INSTITUTO CAMPINENSE DE ENSINO SUPERIOR LTDA,2447,610,CENTRO UNIVERSITÁRIO MAURÍCIO DE NASSAU DO RIO DE JANEIRO,UNINASSAU,Rua Marquês de Abrantes,55,-,Flamengo,22230060.0,68,0,0,0,2,4,17,17,15,3,0,4,3,0,3,0,0,0,1,0,1,1,1,517000,29000,110,110,66,44,0,0,9,53,48,46,0,46,36,28,6,10,21,22,20,11,11,9,58,0,51,0,0,1,109,1,0
2023,Sudeste,3,Espírito Santo,ES,32,Cachoeiro de Itapemirim,3201209,0,Sul Espírito-santense,4,Cachoeiro de Itapemirim,12,3,2,5,0,0,FUNDACAO EDUCACIONAL VALE DO ITAPEMIRIM - FEVIT.,395,606,FACULDADE DE DIREITO DE CACHOEIRO DO ITAPEMIRIM,FDCI,"Es, 482-Cachoeiroxalegre",KM 05,RODOVIA,-,29313210.0,17,2,1,0,1,2,3,0,3,4,0,1,0,0,0,0,0,1,1,1,1,1,1,48,126,23,23,9,14,0,0,7,10,6,4,0,4,8,11,1,2,3,2,6,3,3,3,20,0,3,0,0,0,23,0,0
2023,Sudeste,3,Espírito Santo,ES,32,São Mateus,3204906,0,Litoral Norte Espírito-santense,2,São Mateus,5,2,2,4,0,0,INSTITUTO VALE DO CRICARE LTDA,994,1514,CENTRO UNIVERSITÁRIO VALE DO CRICARÉ,UNIVC,Rua Humberto de Almeida Franklin,257,Unidade- São Mateus- uNIVERSITÁRIO,Universitário,29933480.0,79,1,0,3,7,29,17,7,5,6,2,1,0,0,1,1,0,0,1,0,1,0,1,223,12925,128,112,56,56,0,0,32,51,29,20,0,20,71,21,6,18,19,19,19,8,10,13,59,6,41,0,0,6,112,0,0
2023,Sudeste,3,São Paulo,SP,35,São Paulo,3550308,1,Metropolitana de São Paulo,15,São Paulo,61,1,1,2,0,0,UNIVERSIDADE ESTADUAL PAULISTA JULIO DE MESQUITA FILHO,17109,56,UNIVERSIDADE ESTADUAL PAULISTA JÚLIO DE MESQUITA FILHO,UNESP,Rua Quirino de Andrade,215,-,Centro,1049010.0,3396,1,1,3,5,118,236,644,616,710,494,174,146,142,106,1,0,1,1,1,1,1,1,35,308537,3035,3020,1248,1772,0,2,1,20,2997,2860,2844,16,160,0,8,107,209,467,417,474,539,799,1190,19,56,30,0,1725,2931,89,2
2023,Centro-Oeste,5,Goiás,GO,52,Valparaíso de Goiás,5221858,0,Leste Goiano,4,Entorno de Brasília,12,3,2,4,0,0,CENTRO EDUCACIONAL SUPERIOR TECNOLOGICO LTDA,18650,1402,INSTITUTO DE CIÊNCIAS SOCIAIS E HUMANAS,ICSH,"Rua 17, Quadra 47",18 a 20,"(Quadras 36,37,47,48,58,59)",Jardim Oriente,72870215.0,3,0,0,1,0,1,0,1,0,0,0,0,0,0,0,0,0,0,0,0,1,1,0,6,1,11,7,6,1,0,0,6,1,0,0,0,0,7,0,0,0,0,2,1,2,2,0,6,0,1,0,0,0,7,0,0
2023,Sul,4,Paraná,PR,41,União da Vitória,4128203,0,Sudeste Paranaense,9,União da Vitória,33,2,1,3,0,0,FUNDACAO MUNICIPAL CENTRO UNIVERSITARIO DA CIDADE DE UNIAO DA VITORIA - UNIUV,423,649,CENTRO UNIVERSITÁRIO DE UNIÃO DA VITÓRIA,UNIUV,Avenida Bento Munhoz da Rocha Neto,3.856,-,São Basílio Magno,84600000.0,7,0,0,1,0,0,1,3,0,1,1,0,0,0,0,0,0,0,1,0,1,1,1,10,0,89,79,34,45,0,0,27,42,10,24,24,0,55,0,0,11,15,14,20,7,9,3,78,0,1,0,0,0,79,0,0
2023,Sudeste,3,Rio de Janeiro,RJ,33,Volta Redonda,3306305,0,Sul Fluminense,5,Vale do Paraíba Fluminense,11,3,2,4,0,0,INSTITUTO DE CULTURA TECNICA SOCIEDADE CIVIL LTDA,1028,1564,FACULDADE SUL FLUMINENSE,FASF,Rua Alberto Rodrigues,39,-,Jardim Amália I,27251220.0,44,0,0,2,3,16,7,9,7,0,0,0,0,0,0,0,0,0,0,0,1,0,0,45,15484,18,14,4,10,0,0,2,11,1,3,0,3,3,8,0,3,1,0,3,1,4,2,7,1,4,0,0,2,14,0,0
2023,Sudeste,3,São Paulo,SP,35,Araras,3503307,0,Piracicaba,6,Limeira,27,2,2,5,0,0,ASSOCIACAO EDUCACIONAL DE ARARAS,89,125,CENTRO UNIVERSITÁRIO DE ARARAS -,UNAR,Avenida Ernani Lacerda de Oliveira,100,-,Parque Santa Cândida,13603112.0,58,1,1,0,1,12,4,14,3,14,3,0,3,1,1,0,0,1,0,0,0,1,1,83,3000,59,57,18,39,0,0,13,30,14,15,0,15,25,17,1,3,13,12,8,12,5,3,51,0,1,0,0,5,56,1,0
2023,Norte,1,Pará,PA,15,Belém,1501402,1,Metropolitana de Belém,3,Belém,7,1,1,1,0,0,UNIVERSIDADE FEDERAL RURAL DA AMAZONIA,16350,590,UNIVERSIDADE FEDERAL RURAL DA AMAZÔNIA,UFRA,Avenida Presidente Tancredo Neves,2501,-,Terra Firme,66077580.0,544,2,14,1,13,7,53,34,53,127,115,51,42,17,15,1,0,0,1,0,1,1,1,675,0,445,445,200,245,0,4,6,53,382,439,419,20,6,0,6,52,107,103,63,38,31,45,183,40,213,9,0,0,441,4,2
2023,Sudeste,3,Minas Gerais,MG,31,Santa Rita do Sapucaí,3159605,0,Sul/Sudoeste de Minas,10,Santa Rita do Sapucaí,53,3,2,5,0,0,FUNDACAO INSTITUTO NACIONAL DE TELECOMUNICACOES,90,126,INSTITUTO NACIONAL DE TELECOMUNICAÇÕES,INATEL,Avenida João de Camargo,510,-,Centro,37540000.0,812,5,4,16,21,56,131,151,287,38,54,6,34,3,6,1,0,0,1,0,1,1,1,311,640,70,70,11,59,0,0,8,37,25,40,0,40,10,20,4,11,5,12,13,13,10,2,55,0,2,2,0,11,69,1,0
2023,Centro-Oeste,5,Mato Grosso do Sul,MS,50,Campo Grande,5002704,1,Centro Norte de Mato Grosso do Sul,2,Campo Grande,4,1,2,4,0,0,PITAGORAS - SISTEMA DE EDUCACAO SUPERIOR SOCIEDADE LTDA,1204,671,UNIVERSIDADE ANHANGUERA,UNIDERP,Rua Ceará,333,CAMPO GRANDE/MS - MATRIZ,Miguel Couto,79003010.0,101,0,0,6,2,19,16,19,14,6,10,3,5,1,0,0,0,1,1,0,1,1,1,32908,263916,581,581,360,221,0,0,205,235,141,216,0,216,319,46,29,111,133,109,79,40,38,42,460,11,93,15,0,2,579,2,9
2023,Sudeste,3,São Paulo,SP,35,Avaré,3504503,0,Bauru,4,Avaré,22,2,2,4,0,0,INSTITUICAO CHADDAD DE ENSINO LTDA,878,1317,Centro Universitário Sudoeste Paulista,UniFSP,Avenida Professor Celso Ferreira da Silva,1001,-,Jardim Europa,18707150.0,60,2,4,3,3,8,22,10,4,4,0,0,0,0,0,0,0,1,1,1,1,1,0,150,15000,139,137,75,62,0,0,24,64,49,47,14,33,63,27,5,14,31,27,26,16,9,9,120,1,13,3,0,0,137,0,0
2023,Sudeste,3,São Paulo,SP,35,Botucatu,3507506,0,Bauru,4,Botucatu,23,3,2,5,0,0,INSTITUICAO TOLEDO DE ENSINO,700,2328,FACULDADE ITEANA DE BOTUCATU,FITB,Avenida Alcides Cagliari,2.601,-,Jardim Evelyn,18606855.0,23,0,0,5,1,4,4,3,1,0,0,0,2,1,2,1,0,1,1,1,1,1,1,34,2430,47,47,14,33,0,0,8,23,16,2,0,2,6,39,1,1,6,12,12,8,2,5,47,0,0,0,0,0,47,0,0
2023,Sudeste,3,São Paulo,SP,35,Andradina,3502101,0,Araçatuba,3,Andradina,16,3,2,5,0,0,FUNDACAO EDUCACIONAL DE ANDRADINA,82,1623,FACULDADE DE CIÊNCIAS AGRÁRIAS DE ANDRADINA,FCAA,Rua Amazonas,571,-,Sttela Maris,16901160.0,6,0,0,0,0,1,2,2,0,1,0,0,0,0,0,1,0,0,0,1,1,1,0,38,0,24,24,12,12,0,0,4,9,11,3,1,2,8,13,1,5,2,2,7,3,0,4,24,0,0,0,0,0,24,0,0
2023,Norte,1,Roraima,RR,14,Boa Vista,1400100,1,Norte de Roraima,1,Boa Vista,1,2,2,4,0,0,SOCIEDADE EDUCACIONAL ATUAL DA AMAZONIA LTDA,1122,1702,CENTRO UNIVERSITÁRIO ESTÁCIO DA AMAZÔNIA,ESTÁCIO AMAZÔNIA,Rua Jornalista Humberto Silva,308,-,União,69313792.0,148,0,0,0,0,8,13,17,13,26,25,23,14,5,4,0,0,1,1,1,1,0,1,36000,25000,162,162,88,74,0,0,57,61,44,61,0,61,41,60,10,22,27,29,32,20,11,11,44,3,25,1,0,89,162,0,2
2023,Nordeste,2,Pernambuco,PE,26,Petrolina,2611101,0,São Francisco Pernambucano,2,Petrolina,5,3,1,7,0,0,AUTARQUIA EDUCACIONAL DO VALE DO SAO FRANCISCO,460,692,FACULDADE DE PETROLINA,FACAPE,Campus Universitário,S/N,-,VILA EDUARDO,56328903.0,36,0,0,2,5,1,4,3,1,12,7,1,0,0,0,0,0,1,1,1,1,1,1,0,0,186,144,53,91,0,0,71,49,24,61,0,61,83,0,13,15,18,27,16,21,22,12,51,5,62,3,1,22,144,0,3
2023,Sudeste,3,Minas Gerais,MG,31,Lavras,3138203,0,Campo das Vertentes,11,Lavras,57,3,2,5,0,0,INSTITUTO PRESBITERIANO GAMMON,569,825,FACULDADE PRESBITERIANA GAMMON,FAGAMMON,Praça Praça Doutor Augusto Silva,616,-,Centro,37200154.0,8,0,0,0,0,4,1,2,0,1,0,0,0,0,0,1,0,0,0,0,1,1,0,172,15321,70,57,27,30,0,0,6,41,10,4,0,4,8,45,4,10,12,8,11,3,5,4,38,1,12,0,0,6,57,0,0
2023,Sul,4,Paraná,PR,41,Maringá,4115200,0,Norte Central Paranaense,3,Maringá,9,3,2,5,0,0,CENTRO DE ENSINO SUPERIOR DO PARANA - CESPAR,754,1079,FACULDADE MARINGÁ,CESPAR,Avenida Prudente de Moraes,815,-,ZONA 07,87010020.0,16,0,0,0,0,3,1,3,5,1,1,0,1,0,1,0,0,1,1,0,1,0,1,2175,2600,43,33,10,23,0,0,4,22,7,2,0,2,21,10,1,2,1,4,9,8,4,4,32,1,0,0,0,0,33,0,0
2023,Sudeste,3,São Paulo,SP,35,Pereira Barreto,3537404,0,Araçatuba,3,Andradina,16,3,2,5,0,0,ASSOCIACAO DE ENSINO E CULTURA URUBUPUNGA AECU,178,1266,FACULDADES INTEGRADAS URUBUPUNGÁ,FIU,Avenida Coronel Jonas Alves de Mello,1.660,Térreo,Centro,15370000.0,16,0,0,0,1,2,1,5,2,3,2,0,0,0,0,1,0,1,1,1,1,1,1,130,3000,40,39,22,17,0,0,15,18,6,7,0,7,32,0,1,3,7,10,7,6,2,3,31,3,4,1,0,0,39,0,0
2023,Sudeste,3,São Paulo,SP,35,Guaratinguetá,3518404,0,Vale do Paraíba Paulista,13,Guaratinguetá,51,3,2,5,0,0,UNIESP S.A,16134,493,FACULDADE DE EDUCAÇÃO DE GUARATINGUETÁ,FACEG,AVENIDA PEDRO DE TOLEDO,195,PAVIMENTO INFERIOR,VILA PARAÍBA,12515690.0,4,0,1,0,0,0,2,0,0,1,0,0,0,0,0,1,0,1,0,1,1,1,1,22203,13336,4,4,3,1,0,0,0,1,3,1,0,1,3,0,0,0,1,2,0,1,0,0,3,1,0,0,0,0,4,0,0
2023,Nordeste,2,Ceará,CE,23,Fortaleza,2304400,1,Metropolitana de Fortaleza,3,Fortaleza,16,2,2,4,0,0,YDUQS EDUCACIONAL LTDA.,1174,1772,Centro Universitário Fanor Wyden,UniFanor Wyden,Rua Antonio Gomes Guimarães,150,DUNAS - CE,Dunas,60191195.0,269,2,1,2,6,25,32,24,33,39,19,41,20,12,13,0,0,1,1,0,1,1,1,36000,25000,164,164,96,68,0,0,19,90,55,63,0,63,42,59,4,37,47,40,20,9,5,2,38,6,36,0,0,84,164,0,3
2023,Norte,1,Amazonas,AM,13,Manaus,1302603,1,Centro Amazonense,3,Manaus,7,3,2,5,0,0,FUCAPI FUND CENTRO DE ANALISE PESQ E INOV TECNOLOGICA,732,1049,INSTITUTO DE ENSINO SUPERIOR FUCAPI,CESF,Avenida Governador Danilo de Matos Areosa,381,-,Distrito Industrial,69075351.0,42,0,0,0,0,17,7,6,3,7,1,1,0,0,0,0,0,0,0,0,0,0,0,318,0,57,57,13,44,0,0,30,22,5,0,0,0,13,44,8,12,6,9,5,8,4,5,6,2,49,0,0,0,55,2,0
2023,Sudeste,3,Minas Gerais,MG,31,Belo Horizonte,3106200,1,Metropolitana de Belo Horizonte,7,Belo Horizonte,30,3,2,4,0,0,CESMIG - CENTRO DE ENSINO SUPERIOR MINAS GERAIS LTDA - ME,1136,1720,FACULDADE MINAS GERAIS,FAMIG,Avenida do Contorno,10185,- de 9697 a 10195 - lado ímpar,Barro Preto,30110067.0,39,0,2,0,0,8,8,10,6,1,1,2,0,0,1,0,0,1,1,1,1,1,1,125,8000,42,42,20,22,0,0,3,25,14,7,1,6,11,24,0,5,6,11,9,7,4,0,28,1,6,0,0,7,42,0,0
2023,Sudeste,3,Minas Gerais,MG,31,Santa Rita do Sapucaí,3159605,0,Sul/Sudoeste de Minas,10,Santa Rita do Sapucaí,53,3,2,5,0,0,FUNDACAO EDUCANDARIO SANTARRITENSE,122,166,"FAI - CENTRO DE ENSINO SUPERIOR EM GESTÃO, TECNOLOGIA E EDUCAÇÃO",,Av. Antonio de Cássia,472,-,Jardim Santo Antonio,37540000.0,35,3,4,1,1,7,1,2,10,1,2,2,1,0,0,0,0,0,1,1,1,1,1,2,15357,57,57,28,29,0,0,12,33,12,8,0,8,22,27,2,1,9,9,9,9,4,14,46,1,4,0,0,6,57,0,0
2023,Sudeste,3,Minas Gerais,MG,31,São João del Rei,3162500,0,Campo das Vertentes,11,São João Del Rei,58,1,1,1,0,0,UNIVERSIDADE FEDERAL DE SAO JOAO DEL-REI,81,107,UNIVERSIDADE FEDERAL DE SÃO JOÃO DEL REI,UFSJ,Praça Frei Orlando,170,-,Centro,36307352.0,493,0,1,1,4,5,14,19,44,125,107,77,66,15,15,1,0,0,0,1,1,1,1,0,13456,961,928,397,531,0,5,47,103,773,915,807,108,13,0,4,47,125,212,200,144,109,87,64,4,13,1,1,845,909,19,1
2023,Sudeste,3,São Paulo,SP,35,São Paulo,3550308,1,Metropolitana de São Paulo,15,São Paulo,61,3,2,4,0,0,UNIAO BANDEIRANTE DE EDUCACAO E CULTURA S.A.,17362,1838,FACULDADES INTEGRADAS RIO BRANCO,FRB,Rua Maria Cândida,1813,Maria Cândida,Vila Guilherme,2071013.0,14,0,0,0,0,2,2,1,1,5,3,0,0,0,0,0,0,0,0,1,1,0,0,4000,11000,12,12,3,9,0,0,1,6,5,3,0,3,9,0,0,1,3,1,0,1,4,2,10,0,2,0,0,0,12,0,0
