NU_ANO_CENSO,NO_REGIAO_IES,CO_REGIAO_IES,NO_UF_IES,SG_UF_IES,CO_UF_IES,NO_MUNICIPIO_IES,CO_MUNICIPIO_IES,IN_CAPITAL_IES,NO_MESORREGIAO_IES,CO_MESORREGIAO_IES,NO_MICRORREGIAO_IES,CO_MICRORREGIAO_IES,TP_ORGANIZACAO_ACADEMICA,TP_CATEGORIA_ADMINISTRATIVA,NO_MANTENEDORA,CO_MANTENEDORA,CO_IES,NO_IES,SG_IES,DS_ENDERECO_IES,DS_NUMERO_ENDERECO_IES,DS_COMPLEMENTO_ENDERECO_IES,NO_BAIRRO_IES,NU_CEP_IES,QT_TEC_TOTAL,QT_TEC_FUNDAMENTAL_INCOMP_FEM,QT_TEC_FUNDAMENTAL_INCOMP_MASC,QT_TEC_FUNDAMENTAL_COMP_FEM,QT_TEC_FUNDAMENTAL_COMP_MASC,QT_TEC_MEDIO_FEM,QT_TEC_MEDIO_MASC,QT_TEC_SUPERIOR_FEM,QT_TEC_SUPERIOR_MASC,QT_TEC_ESPECIALIZACAO_FEM,QT_TEC_ESPECIALIZACAO_MASC,QT_TEC_MESTRADO_FEM,QT_TEC_MESTRADO_MASC,QT_TEC_DOUTORADO_FEM,QT_TEC_DOUTORADO_MASC,IN_ACESSO_PORTAL_CAPES,IN_ACESSO_OUTRAS_BASES,IN_ASSINA_OUTRA_BASE,IN_REPOSITORIO_INSTITUCIONAL,IN_BUSCA_INTEGRADA,IN_SERVICO_INTERNET,IN_PARTICIPA_REDE_SOCIAL,IN_CATALOGO_ONLINE,QT_PERIODICO_ELETRONICO,QT_LIVRO_ELETRONICO,QT_DOC_TOTAL,QT_DOC_EXE,QT_DOC_EX_FEMI,QT_DOC_EX_MASC,QT_DOC_EX_SEM_GRAD,QT_DOC_EX_GRAD,QT_DOC_EX_ESP,QT_DOC_EX_MEST,QT_DOC_EX_DOUT,QT_DOC_EX_INT,QT_DOC_EX_INT_DE,QT_DOC_EX_INT_SEM_DE,QT_DOC_EX_PARC,QT_DOC_EX_HOR,QT_DOC_EX_0_29,QT_DOC_EX_30_34,QT_DOC_EX_35_39,QT_DOC_EX_40_44,QT_DOC_EX_45_49,QT_DOC_EX_50_54,QT_DOC_EX_55_59,QT_DOC_EX_60_MAIS,QT_DOC_EX_BRANCA,QT_DOC_EX_PRETA,QT_DOC_EX_PARDA,QT_DOC_EX_AMARELA,QT_DOC_EX_INDIGENA,QT_DOC_EX_COR_ND,QT_DOC_EX_BRA,QT_DOC_EX_EST,QT_DOC_EX_COM_DEFICIENCIA
2010,Centro-Oeste,5,Mato Grosso,MT,51,Alta Floresta,5100250,0,Norte Mato-grossense,1,Alta Floresta,2,3,5,UNIFLOR - UNIÃO DAS FACULDADES DE ALTA FLORESTA - MT,683,930,FACULDADE DE EDUCAÇÃO DE ALTA FLORESTA,FEAFLOR,Avenida Leandro Adorno,s/n,,Alta Floresta,78580000,22,0,0,0,0,11,4,1,1,3,2,0,0,0,0,1,1,0,0,0,0,0,0,0,0,22,20,12,8,0,0,13,5,2,3,3,0,3,14,1,3,1,5,4,3,0,3,13,1,3,0,0,3,20,0,0
2010,Sudeste,3,Espírito Santo,ES,32,Serra,3205002,0,Central Espírito-santense,3,Vitória,9,3,5,INSTITUTO BATISTA DE EDUCAÇÃO DE VITÓRIA,742,1342,FACULDADE DE PEDAGOGIA DA SERRA,FABAVI,Rua 1d,80,,CIVIT II,29165157,37,0,0,2,0,10,7,4,3,3,1,1,5,1,0,0,0,0,0,0,0,0,0,0,0,17,17,10,7,0,0,1,11,5,3,0,3,0,14,0,2,2,4,5,3,1,0,10,0,5,0,0,0,17,0,0
2010,Sudeste,3,Minas Gerais,MG,31,Belo Horizonte,3106200,1,Metropolitana de Belo Horizonte,7,Belo Horizonte,30,3,5,JUNTA DE EDUCAÇÃO DA CONVENÇÃO BATISTA MINEIRA,898,1346,FACULDADE BATISTA DE MINAS GERAIS,FBMG,Rua Ponte Nova,665,,Floresta,31110150,38,2,4,4,0,8,10,5,3,1,1,0,0,0,0,0,0,0,0,0,0,0,0,0,0,57,53,17,36,0,0,12,35,6,10,0,10,16,27,3,11,18,6,10,3,2,0,39,0,8,0,0,3,53,0,1
2010,Norte,1,Acre,AC,12,Rio Branco,1200401,1,Vale do Acre,2,Rio Branco,4,3,4,SOCIEDADE DE ENSINO SUPERIOR DO ACRE  LTDA- AESACRE,801,1226,INSTITUTO DE ENSINO SUPERIOR DO ACRE,IESACRE,Travessa Ponta Porã,100,,José Augusto,69910100,140,1,1,25,15,49,27,14,4,2,0,1,1,0,0,0,0,0,0,0,0,0,0,0,0,23,23,11,12,0,0,15,8,0,4,1,3,11,8,2,4,9,2,4,1,0,1,2,0,20,0,0,1,23,0,0
2010,Nordeste,2,Rio Grande do Norte,RN,24,Natal,2408102,1,Leste Potiguar,4,Natal,18,3,5,CENTRO INTEGRADO PARA FORMAÇÃO DE EXECUTIVOS,485,724,"FACULDADE DE CIÊNCIAS, CULTURA E EXTENSÃO DO RIO GRANDE DO NORTE",FACEX,Rua Orlando Silva,2896,,Capim Macio,59080020,110,0,0,0,0,38,30,21,5,12,1,1,2,0,0,0,0,0,0,0,0,0,0,0,0,165,162,91,71,0,0,71,74,17,41,0,41,26,95,23,39,34,18,25,7,6,10,68,4,45,0,0,31,160,2,1
2010,Sudeste,3,Minas Gerais,MG,31,Itabirito,3131901,0,Metropolitana de Belo Horizonte,7,Ouro Preto,33,3,5,FUNDAÇÃO JOSÉ BONIFÁCIO LAFAYETTE DE ANDRADA,220,1254,FACULDADE DE ADMINISTRAÇÃO DE ITABIRITO,FAI,Rua Matozinhos,293,,Matozinhos,35450000,13,2,1,0,0,2,0,3,2,2,0,0,1,0,0,0,1,0,0,0,0,0,0,0,0,20,17,10,7,0,0,8,9,0,0,0,0,1,16,0,4,9,1,3,0,0,0,0,0,0,0,0,1,17,0,0
2010,Centro-Oeste,5,Goiás,GO,52,Goiânia,5208707,1,Centro Goiano,3,Goiânia,10,3,4,CENTRO TECNOLÓGICO CAMBURY LTDA.,795,1160,FACULDADE CAMBURY,CAMBURY,Avenida C 07,1094,Quadra 08 Lote 01 E,Setor Sol Nascente,74410220,109,0,0,2,7,20,18,26,16,9,8,2,1,0,0,1,0,0,0,0,0,0,0,0,0,180,155,76,79,54,5,60,34,2,0,0,0,0,155,20,51,29,19,23,6,6,1,17,2,7,0,0,103,155,0,0
2010,Nordeste,2,Piauí,PI,22,Teresina,2211001,1,Centro-Norte Piauiense,2,Teresina,3,3,4,CENTRO DE ENSINO UNIFICADO DE TERESINA,645,916,FACULDADE DE CIÊNCIAS HUMANAS E JURÍDICAS DE TERESINA,FACULDADE CEUT,Avenida dos Expedicionários,790,,São João,64046700,122,4,12,6,11,39,22,9,9,7,3,0,0,0,0,1,0,0,0,0,0,0,0,0,0,221,216,113,103,0,3,148,63,2,13,0,13,64,139,24,43,56,37,20,15,8,13,64,2,89,0,0,61,216,0,0
2010,Norte,1,Rondônia,RO,11,Porto Velho,1100205,1,Madeira-Guaporé,1,Porto Velho,1,3,4,UNIÃO DAS ESCOLAS SUPERIORES DE RONDÔNIA LTDA.,1144,1515,FACULDADE DE EDUCAÇÃO DE PORTO VELHO,UNIRON,Avenida Mamoré,1403,,3 Marias,78910541,18,0,0,3,2,5,4,2,2,0,0,0,0,0,0,0,0,0,0,0,0,0,0,0,0,44,41,26,15,0,0,20,18,3,4,1,3,7,30,7,9,4,5,9,2,5,0,10,2,13,0,1,13,41,0,0
2010,Sudeste,3,São Paulo,SP,35,Osasco,3534401,0,Metropolitana de São Paulo,15,Osasco,57,2,5,FUNDAÇÃO INSTITUTO DE ENSINO PARA OSASCO,176,244,CENTRO UNIVERSITÁRIO FIEO,UNIFIEO,"Rua Narciso Sturlini, 883",883,,Bussocaba,6018903,289,17,30,6,18,71,71,42,27,2,2,1,0,1,1,1,1,0,0,0,0,0,0,0,0,395,381,152,229,0,22,39,206,114,73,0,73,32,276,12,29,56,47,72,57,42,66,290,7,12,13,1,40,375,6,0
2010,Sul,4,Paraná,PR,41,Ibaiti,4109708,0,Norte Pioneiro Paranaense,4,Ibaiti,17,3,5,ASSOCIAÇÃO DE ENSINO SUPERIOR DE IBAITI,956,1449,"FACULDADE DE EDUCAÇÃO, ADMINISTRAÇÃO E TECNOLOGIA DE IBAITI",FEATI,Avenida Tertuliano de Moura Bueno,1400,Prédio,Flamenguinho,84900000,41,3,3,1,2,1,8,3,4,9,2,5,0,0,0,0,0,0,0,0,0,0,0,0,0,48,48,29,19,0,0,26,22,0,6,0,6,37,5,8,11,7,10,6,2,2,2,41,0,2,2,0,3,48,0,0
2010,Sudeste,3,São Paulo,SP,35,Bauru,3506003,0,Bauru,4,Bauru,20,1,5,INSTITUTO DAS APÓSTOLAS DO SAGRADO CORAÇÃO DE JESUS,97,137,UNIVERSIDADE DO SAGRADO CORAÇÃO,USC,Rua Irmã Arminda,out/50,,Jardim Brasil,17011160,210,5,7,8,11,58,29,39,24,17,5,4,2,1,0,1,0,0,0,0,0,0,0,0,0,257,249,153,96,0,0,35,116,98,86,0,86,31,132,21,33,37,49,44,23,14,28,219,2,1,10,0,0,248,1,0
2010,Sudeste,3,São Paulo,SP,35,São Paulo,3550308,1,Metropolitana de São Paulo,15,São Paulo,61,3,4,FACULDADE BRASÍLIA DE SÃO PAULO LTDA.,803,1181,FACULDADE BRASÍLIA DE SÃO PAULO,FABRASP,Rua Angá,395,,Vila Formosa,3360000,9,0,0,0,0,5,0,1,3,0,0,0,0,0,0,1,1,0,0,0,0,0,0,0,0,21,15,7,8,0,0,9,3,3,0,0,0,0,15,1,3,2,4,3,1,1,0,2,0,0,0,0,2,15,0,1
2010,Sudeste,3,Minas Gerais,MG,31,Belo Horizonte,3106200,1,Metropolitana de Belo Horizonte,7,Belo Horizonte,30,3,4,INSTITUTO NOVOS HORIZONTES DE ENSINO SUPERIOR E PESQUISA LTDA.,1092,1666,FACULDADE NOVOS HORIZONTES,NOVOS HORIZONTES,Rua Alvarenga Peixoto,1270,,Santo Agostinho,30180121,53,2,0,4,3,6,20,4,6,1,4,3,0,0,0,1,1,0,0,0,0,0,0,0,0,131,120,49,71,0,0,29,63,28,21,0,21,63,36,12,30,21,18,19,9,3,8,72,1,26,2,0,8,120,0,0
2010,Sudeste,3,São Paulo,SP,35,Barra Bonita,3505302,0,Bauru,4,Jaú,21,3,5,FUNDAÇÃO BARRA BONITA DE ENSINO,93,1622,FACULDADE DO INTERIOR PAULISTA,FIP,Avenida Pedro Ometo,3.555,,Portal da Barra,17340000,50,2,4,2,5,15,6,10,4,1,1,0,0,0,0,1,0,0,0,0,0,0,0,0,0,41,19,6,13,0,1,7,8,3,3,1,2,7,9,0,3,6,3,3,1,0,3,17,0,0,1,0,0,19,0,0
2010,Centro-Oeste,5,Goiás,GO,52,Aparecida de Goiânia,5201405,0,Centro Goiano,3,Goiânia,10,3,5,ASSOCIAÇÃO APARECIDENSE DE EDUCAÇÃO,1032,1573,FACULDADE ALFREDO NASSER,FAN,Avenida Bela Vista,26,,Jardim das Esmeralda,74905020,149,9,5,15,18,43,40,7,10,2,0,0,0,0,0,0,1,0,0,0,0,0,0,0,0,161,161,73,88,0,0,64,87,10,38,3,35,64,59,18,51,30,21,17,12,6,6,67,6,57,0,0,11,161,0,0
2010,Sudeste,3,São Paulo,SP,35,Mogi das Cruzes,3530607,0,Metropolitana de São Paulo,15,Mogi das Cruzes,62,1,4,SOCIEDADE EDUCACIONAL BRAZ CUBAS LTDA.,365,526,UNIVERSIDADE BRAZ CUBAS,UBC,Av. Francisco Rodrigues Filho,1233,,Mogilar,8773380,249,4,1,9,15,73,40,39,31,22,8,1,1,3,2,0,0,0,0,0,0,0,0,0,0,400,400,182,218,0,0,178,166,56,166,11,155,50,184,23,52,71,63,52,50,43,46,18,0,1,1,2,370,400,0,0
2010,Nordeste,2,Piauí,PI,22,Parnaíba,2207702,0,Norte Piauiense,1,Litoral Piauiense,2,3,4,SOCIEDADE DE ENSINO SUPERIOR PIAUIENSE LTDA.,1021,1552,FACULDADE PIAUIENSE,FAP,BR 243,"Km 7,5",,Floriópolis,64212045,52,1,1,3,13,7,7,16,1,1,2,0,0,0,0,0,0,0,0,0,0,0,0,0,0,101,101,51,50,4,0,96,1,0,1,0,1,100,0,18,16,24,15,13,7,5,3,0,0,0,0,0,101,101,0,0
2010,Sul,4,Rio Grande do Sul,RS,43,São Leopoldo,4318705,0,Metropolitana de Porto Alegre,5,Porto Alegre,26,3,5,"INSTITUIÇÃO SINODAL DE ASSISTÊNCIA, EDUCAÇÃO E CULTURA",915,1382,ESCOLA SUPERIOR DE TEOLOGIA,EST,Rua Amadeo Rossi,467,,Morro do Espelho,93030220,54,0,1,5,2,22,9,7,4,1,1,1,1,0,0,1,1,0,0,0,0,0,0,0,0,23,23,8,15,0,0,0,9,14,14,7,7,6,3,0,1,1,1,3,4,8,5,21,1,0,0,0,0,20,3,0
2010,Nordeste,2,Pernambuco,PE,26,Recife,2611606,1,Metropolitana de Recife,5,Recife,17,1,1,MINISTÉRIO DA EDUCAÇÃO,391,587,UNIVERSIDADE FEDERAL RURAL DE PERNAMBUCO,UFRPE,Rua Dom Manoel de Medeiros,s/n,,Dois Irmãos,52071030,823,8,77,14,35,89,154,72,114,116,80,21,32,4,7,1,1,0,0,0,0,0,0,0,0,1010,913,414,499,0,78,20,273,542,861,726,135,52,0,108,143,165,129,106,107,90,65,75,5,43,0,0,780,908,5,0
2010,Centro-Oeste,5,Mato Grosso do Sul,MS,50,Dourados,5003702,0,Sudoeste de Mato Grosso do Sul,4,Dourados,10,1,2,"SECRETARIA DE ESTADO DO MEIO AMBIENTE, DAS CIDADES, DO PLANEJAMENTO, DA CIÊNCIA E TECNOLOGIA. CEMAC",729,1028,UNIVERSIDADE ESTADUAL DE MATO GROSSO DO SUL,UEMS,Cidade Universitária de Dourados,s/n,Rodovia Dourados Ita,Cidade Universitária,79804970,294,0,0,1,5,13,28,85,43,62,28,18,8,1,2,1,0,0,0,0,0,0,0,0,0,609,541,275,266,0,51,95,211,184,296,245,51,5,240,81,95,111,98,67,47,17,25,9,0,0,0,0,6,538,3,0
2010,Sudeste,3,Minas Gerais,MG,31,Belo Horizonte,3106200,1,Metropolitana de Belo Horizonte,7,Belo Horizonte,30,2,4,MINAS GERAIS EDUCAÇÃO S.A.,3052,344,CENTRO UNIVERSITÁRIO UNA,UNA,Avenida Raja Gabaglia,3.950,,Estoril,30350340,644,11,10,31,17,95,103,205,113,11,9,27,10,1,1,1,1,0,0,0,0,0,0,0,0,640,636,295,341,0,0,153,395,88,139,0,139,116,381,84,161,127,104,73,42,24,21,518,0,6,0,0,23,635,1,0
2010,Nordeste,2,Bahia,BA,29,Feira de Santana,2910800,0,Centro Norte Baiano,3,Feira de Santana,12,1,2,UNIVERSIDADE ESTADUAL DE FEIRA DE SANTANA,438,666,UNIVERSIDADE ESTADUAL DE FEIRA DE SANTANA,UEFS,Av Transnordestina,S/N,Campus Universitárfi,Novo Horizonte,44036900,683,3,10,2,9,212,112,138,53,86,31,16,9,0,2,1,1,0,0,0,0,0,0,0,0,1077,1020,511,509,0,177,173,321,349,894,460,434,51,75,45,123,167,200,168,117,103,97,2,2,7,0,1,36,1015,5,0
2010,Sudeste,3,São Paulo,SP,35,Santos,3548500,0,Metropolitana de São Paulo,15,Santos,63,1,5,CENTRO DE ESTUDOS UNIFICADOS BANDEIRANTE,677,953,UNIVERSIDADE METROPOLITANA DE SANTOS,UNIMES,Avenida Conselheiro Nébias,536,,Encruzilhada,11045002,115,8,12,15,17,21,12,9,12,5,4,0,0,0,0,0,0,0,0,0,0,0,0,0,0,378,371,146,225,0,4,134,154,79,140,7,133,116,115,10,24,49,57,65,54,48,64,288,6,10,6,0,34,369,2,0
2010,Sudeste,3,São Paulo,SP,35,São Paulo,3550308,1,Metropolitana de São Paulo,15,São Paulo,61,3,5,FUNDAÇÃO ARNALDO VIEIRA DE CARVALHO,288,415,FACULDADE DE CIÊNCIAS MÉDICAS DA SANTA CASA SÃO PAULO,FCMSCSP,RUA DOUTOR CESÁRIO MOTA JÚNIOR,61,11º ANDAR,VILA BUARQUE,1221020,166,3,2,4,2,19,32,55,38,3,4,2,0,2,0,1,1,0,0,0,0,0,0,0,0,406,404,178,226,0,0,41,83,280,95,0,95,309,0,4,14,30,62,71,59,60,104,206,2,6,14,0,170,404,0,1
2010,Sul,4,Rio Grande do Sul,RS,43,Camaquã,4303509,0,Metropolitana de Porto Alegre,5,Camaquã,28,3,5,FUNDAÇÃO DE ENSINO SUPERIOR DA REGIÃO CENTRO SUL,315,455,FACULDADE DE FORMAÇÃO DE PROFESSORES E ESPECIALISTAS DE EDUCAÇÃO,FAFOPEE,Av. Cônego Luiz Walter Hanquet,151,,CENTRO,96180000,20,3,1,0,1,4,0,5,3,1,0,2,0,0,0,0,0,0,0,0,0,0,0,0,0,12,7,6,1,0,0,4,3,0,0,0,0,0,7,0,0,1,0,1,4,1,0,7,0,0,0,0,0,7,0,0
2010,Sudeste,3,Rio de Janeiro,RJ,33,Rio de Janeiro,3304557,1,Metropolitana do Rio de Janeiro,6,Rio de Janeiro,18,1,5,CENTRO EDUCACIONAL DE REALENGO,129,176,UNIVERSIDADE CASTELO BRANCO,UCB,Av. Brasil,97277,,Penha,21021020,493,13,14,29,37,116,126,76,49,19,8,1,4,0,1,0,1,0,0,0,0,0,0,0,0,361,356,165,191,0,13,108,185,50,140,0,140,2,214,19,43,53,58,85,36,27,35,128,11,22,0,2,162,354,2,1
2010,Sudeste,3,Rio de Janeiro,RJ,33,Rio de Janeiro,3304557,1,Metropolitana do Rio de Janeiro,6,Rio de Janeiro,18,3,4,GRUPO IBMEC EDUCACIONAL S.A,1223,1681,FACULDADE DE CIÊNCIAS SOCIAIS APLICADAS IBMEC,FACULDADES IBMEC,Avenida Presidente Wilson,118,,Centro,20030020,203,0,2,1,3,27,47,61,27,16,2,6,6,1,4,1,1,0,0,0,0,0,0,0,0,106,106,51,55,2,2,3,57,42,13,0,13,5,88,8,17,28,16,18,8,2,9,74,0,2,0,0,10,103,3,0
2010,Sudeste,3,Espírito Santo,ES,32,Serra,3205002,0,Central Espírito-santense,3,Vitória,9,3,5,SINDICATO DOS CONTABILISTAS NO ESTADO DO ESPÍRITO SANTO,1034,1576,INSTITUTO DE ENSINO SUPERIOR BLAURO CARDOSO DE MATTOS,FASERRA,AVENIDA GUARAPARI,17,,VALPARAISO,29164120,6,1,0,0,0,1,0,2,1,0,1,0,0,0,0,0,0,0,0,0,0,0,0,0,0,26,24,6,18,0,1,16,6,1,0,0,0,24,0,2,4,4,5,6,1,0,2,15,1,6,0,0,0,24,0,0
2010,Nordeste,2,Alagoas,AL,27,Maceió,2704302,1,Leste Alagoano,3,Maceió,11,3,4,SOCIEDADE EDUCACIONAL DE MACEIÓ S/C LTDA.,1074,1637,FACULDADE DE CIÊNCIAS JURÍDICAS E SOCIAIS DE MACEIÓ,FAMA,Rua Fernandes de Barros,161,,Centro,57020020,22,0,1,3,3,4,7,2,1,1,0,0,0,0,0,0,1,0,0,0,0,0,0,0,0,51,51,21,30,0,6,38,7,0,4,0,4,10,37,8,16,12,11,3,0,0,1,6,0,8,0,0,34,51,0,0
2010,Sudeste,3,São Paulo,SP,35,Capivari,3510401,0,Piracicaba,6,Piracicaba,28,3,5,CAMPANHA NACIONAL DE ESCOLAS DA COMUNIDADE - CNEC,407,625,FACULDADE CENECISTA DE CAPIVARI,FACECAP,Rua Barão do Rio Branco,374,,Centro,13360000,14,0,0,0,0,5,1,1,1,2,1,1,2,0,0,0,0,0,0,0,0,0,0,0,0,28,28,15,13,0,0,4,22,2,4,3,1,9,15,3,7,3,4,4,2,4,1,27,0,0,0,0,1,28,0,0
2010,Sudeste,3,São Paulo,SP,35,Piraju,3538808,0,Assis,10,Ourinhos,40,3,4,ORGANIZAÇÃO PIRAJUENSE DE EDUCAÇÃO E CULTURA S/C LTDA.,182,256,"FACULDADE DE FILOSOFIA, CIÊNCIAS E LETRAS DE PIRAJU",FAFIP,Rua João Hailer,408,,Centro,18800000,11,1,0,0,0,4,2,4,0,0,0,0,0,0,0,0,1,0,0,0,0,0,0,0,0,24,23,13,10,0,4,10,8,1,0,0,0,1,22,5,6,0,5,4,0,1,2,14,1,0,0,0,8,23,0,0
2010,Sudeste,3,Rio de Janeiro,RJ,33,Rio de Janeiro,3304557,1,Metropolitana do Rio de Janeiro,6,Rio de Janeiro,18,1,5,SOCIEDADE BRASILEIRA DE INSTRUÇÃO,134,1153,UNIVERSIDADE CÂNDIDO MENDES,UCAM,Rua da Assembléia,10,Sala 4208,Centro,20011901,829,34,72,24,52,187,173,137,99,20,18,5,6,1,1,1,1,0,0,0,0,0,0,0,0,784,695,263,432,0,190,140,268,97,244,0,244,99,352,28,92,106,98,121,84,57,109,544,9,61,9,2,36,693,2,0
2010,Sudeste,3,São Paulo,SP,35,Hortolândia,3519071,0,Campinas,7,Campinas,32,3,5,INSTITUTO EDUCACIONAL DO ESTADO DE SAO PAULO - IESP,289,886,FACULDADE DE HORTOLÂNDIA,FACH,Avenida Santana,1070,,Jardim Amanda I,13188021,27,0,0,2,4,5,6,4,2,0,0,1,2,0,1,1,0,0,0,0,0,0,0,0,0,40,39,13,26,0,0,19,16,4,4,0,4,13,22,7,7,9,4,5,4,2,1,28,0,0,0,0,9,39,0,0
2010,Sudeste,3,São Paulo,SP,35,Taubaté,3554102,0,Vale do Paraíba Paulista,13,São José dos Campos,50,1,3,UNIVERSIDADE DE TAUBATÉ,437,665,UNIVERSIDADE DE TAUBATÉ,UNITAU,Rua Quatro de Março,432,,Centro,12020270,755,21,78,22,56,124,137,169,74,42,12,7,8,3,2,1,1,0,0,0,0,0,0,0,0,655,635,275,360,0,20,104,265,246,259,0,259,321,55,9,55,77,115,110,115,81,73,598,0,3,0,0,17,630,5,0
2010,Centro-Oeste,5,Mato Grosso do Sul,MS,50,Campo Grande,5002704,1,Centro Norte de Mato Grosso do Sul,2,Campo Grande,4,1,5,MISSÃO SALESIANA DE MATO GROSSO,270,387,UNIVERSIDADE CATÓLICA DOM BOSCO,UCDB,"Av. Tamandaré,  6000, Jardim Seminário.",6000,,Jardim Seminário,79117900,529,37,29,44,24,125,102,82,38,31,11,3,2,1,0,1,1,0,0,0,0,0,0,0,0,319,316,155,161,1,8,66,162,79,126,0,126,157,33,18,59,61,50,45,29,26,28,121,1,9,5,0,168,314,2,2
2010,Sul,4,Santa Catarina,SC,42,São José,4216602,0,Grande Florianópolis,5,Florianópolis,16,3,5,ASSOCIAÇÃO DE ENSINO SUPERIOR DA GRANDE FLORIANÓPOLIS,847,1267,INSTITUTO DE ENSINO SUPERIOR DA GRANDE FLORIANÓPOLIS,IESGF,Rua Vereador Walter Borges,424,,Campinas,88101030,68,3,0,1,0,36,18,8,1,0,0,0,0,0,1,0,0,0,0,0,0,0,0,0,0,94,67,22,45,0,6,27,28,6,37,0,37,25,5,8,24,16,8,3,3,1,4,61,0,0,0,0,3,66,1,0
2010,Sudeste,3,Rio de Janeiro,RJ,33,Resende,3304201,0,Sul Fluminense,5,Vale do Paraíba Fluminense,11,3,5,ASSOCIAÇÃO EDUCACIONAL DOM BOSCO,327,1081,FACULDADE DE ENGENHARIA DE RESENDE,FER,Estrada Resende Riachuelo,2535,,Campo da Aviação,27511971,48,0,0,0,0,10,5,15,16,2,0,0,0,0,0,0,1,0,0,0,0,0,0,0,0,48,48,12,36,0,4,9,27,8,7,0,7,19,22,4,6,7,10,9,6,2,4,23,0,3,0,0,19,48,0,0
2010,Sudeste,3,Minas Gerais,MG,31,Araxá,3104007,0,Triângulo Mineiro/Alto Paranaíba,5,Araxá,23,2,5,FUNDAÇÃO CULTURAL DE ARAXÁ,78,1575,CENTRO UNIVERSITÁRIO DO PLANALTO DE ARAXÁ,UNIARAXÁ,Av. Ministro Olavo Drummond,5,CAMPUS UNIVERSITÁRIO,SÃO GERALDO,38180084,126,7,6,8,7,19,17,25,9,9,16,2,1,0,0,1,1,0,0,0,0,0,0,0,0,149,149,70,79,0,0,86,51,12,38,0,38,47,64,22,34,23,24,22,9,7,8,133,4,5,3,0,1,149,0,0
2010,Sul,4,Santa Catarina,SC,42,Joinville,4209102,0,Norte Catarinense,2,Joinville,8,1,5,FUNDAÇÃO EDUCACIONAL DA REGIÃO DE JOINVILLE,65,81,UNIVERSIDADE DA REGIÃO DE JOINVILLE,UNIVILLE,Rua Paulo Malschitzki,10,,Campus Universitário - Zona Industrial,89219710,339,18,9,8,2,87,33,87,34,43,8,7,3,0,0,1,1,0,0,0,0,0,0,0,0,596,575,249,326,0,0,190,293,92,197,0,197,240,138,40,67,93,87,103,80,58,47,211,0,1,0,0,356,572,3,2
2010,Sudeste,3,Minas Gerais,MG,31,Diamantina,3121605,0,Jequitinhonha,3,Diamantina,10,1,1,UNIVERSIDADE FEDERAL DOS VALES DO JEQUITINHONHA E MUCURI,9088,596,UNIVERSIDADE FEDERAL DOS VALES DO JEQUITINHONHA E MUCURI,UFVJM,Rua da Glória,187,Campus I,Centro,39100000,284,0,0,0,2,29,43,48,51,69,35,3,3,0,1,1,0,0,0,0,0,0,0,0,0,438,438,208,230,0,26,11,188,213,356,356,0,0,82,75,122,93,75,41,19,9,4,217,5,43,2,0,32,438,0,0
2010,Sudeste,3,Rio de Janeiro,RJ,33,Rio de Janeiro,3304557,1,Metropolitana do Rio de Janeiro,6,Rio de Janeiro,18,1,4,ANTARES EDUCACIONAL LTDA,121,165,UNIVERSIDADE VEIGA DE ALMEIDA,UVA,Rua Ibituruna,108,,Tijuca,20271901,619,1,4,3,22,98,137,200,127,8,8,2,5,2,2,0,0,0,0,0,0,0,0,0,0,634,634,303,331,0,38,138,318,140,228,0,228,168,238,20,63,85,104,115,84,64,99,537,17,48,4,1,24,634,0,2
2010,Nordeste,2,Pernambuco,PE,26,Recife,2611606,1,Metropolitana de Recife,5,Recife,17,1,1,MINISTÉRIO DA EDUCAÇÃO,391,580,UNIVERSIDADE FEDERAL DE PERNAMBUCO,UFPE,Av. Prof. Moraes Rego,1.235,,Cidade Universitária,50670901,3787,2,23,135,142,886,918,232,137,779,289,135,63,29,17,1,1,0,0,0,0,0,0,0,0,2531,2472,1155,1317,0,384,61,445,1582,2122,1797,325,350,0,184,300,332,284,348,292,356,376,18,0,7,0,0,2438,2455,17,0
2010,Sudeste,3,Minas Gerais,MG,31,Belo Horizonte,3106200,1,Metropolitana de Belo Horizonte,7,Belo Horizonte,30,3,4,INSTITUTO BRASILEIRO PARA O DESENVOLVIMENTO SUSTENTÁVEL LTDA.,1093,1667,FACULDADE INTERNACIONAL DE CIÊNCIAS EMPRESARIAIS,FICE,Rua Sergipe,1000,,Funcionários,30130175,3,0,0,0,0,1,0,0,0,0,0,2,0,0,0,0,0,0,0,0,0,0,0,0,0,1,1,0,1,0,0,0,1,0,0,0,0,0,1,0,0,0,0,0,0,0,1,1,0,0,0,0,0,1,0,0
2010,Sul,4,Paraná,PR,41,Curitiba,4106902,1,Metropolitana de Curitiba,10,Curitiba,37,3,2,"GOVERNO DO ESTADO DO PARANÁ - SECRETARIA ESTADUAL DE CIÊNCIA, TECNOLOGIA E ENSINO SUPERIOR",37,558,FACULDADE DE ARTES DO PARANÁ,FAP,RUA DOS FUNCIONÁRIOS,1357,,BAIRRO CABRAL,80035050,29,1,0,0,2,4,2,6,4,9,1,0,0,0,0,1,1,0,0,0,0,0,0,0,0,114,111,71,40,0,1,24,68,18,98,54,44,13,0,7,8,11,23,23,20,4,15,101,1,3,0,0,4,111,0,0
2010,Nordeste,2,Bahia,BA,29,Salvador,2927408,1,Metropolitana de Salvador,5,Salvador,21,1,5,ASSOCIAÇÃO UNIVERSITÁRIA E CULTURAL DA BAHIA,360,519,UNIVERSIDADE CATÓLICA DO SALVADOR,UCSAL,Praça Ana Nery,s/n,,Nazaré,40040220,494,18,55,26,45,133,93,77,24,13,7,3,0,0,0,1,1,0,0,0,0,0,0,0,0,546,525,230,295,1,62,162,218,82,185,3,182,63,277,0,11,36,43,71,41,71,252,230,21,134,6,0,94,516,9,1
2010,Sul,4,Rio Grande do Sul,RS,43,Alvorada,4300604,0,Metropolitana de Porto Alegre,5,Porto Alegre,26,3,5,COMUNIDADE EVANGÉLICA LUTERANA SÃO MARCOS,1055,1607,FACULDADE LUTERANA SÃO MARCOS,FALSM,Rua Dr. Mario Totta,260,,Vila Agritter,94820400,11,0,0,1,1,2,0,3,0,0,2,0,2,0,0,0,0,0,0,0,0,0,0,0,0,27,22,8,14,0,3,3,16,0,1,0,1,5,16,0,1,8,8,2,2,0,1,20,1,0,0,0,0,22,0,0
2010,Sudeste,3,São Paulo,SP,35,Mirassol,3530300,0,São José do Rio Preto,1,São José do Rio Preto,4,3,4,SOCIEDADE MANTENEDORA DE ENSINO SUPERIOR DE MIRASSOL,775,1118,UNIÃO DAS ESCOLAS DO GRUPO FAIMI DE EDUCAÇÃO,FAIMI,Avenida Luis Fernando Moreira,1005,,Jardim São José,15130000,40,0,1,3,1,5,2,11,4,2,1,1,4,3,2,0,1,0,0,0,0,0,0,0,0,95,86,43,43,0,0,32,41,13,11,0,11,51,24,9,19,18,12,10,8,7,3,60,1,3,0,0,6,86,0,2
2010,Sudeste,3,Rio de Janeiro,RJ,33,Rio de Janeiro,3304557,1,Metropolitana do Rio de Janeiro,6,Rio de Janeiro,18,3,5,SOCIEDADE DE ENSINO SUPERIOR PINHEIRO GUIMARÃES,520,764,FACULDADE PINHEIRO GUIMARÃES,FAPG,RUA SILVEIRA MARTINS,151/153,,CATETE,22221000,7,0,0,0,0,2,1,0,4,0,0,0,0,0,0,1,1,0,0,0,0,0,0,0,0,19,18,7,11,0,0,5,12,1,0,0,0,0,18,0,5,2,3,5,3,0,0,9,0,2,0,0,3,18,0,0
2010,Sudeste,3,São Paulo,SP,35,Jaguariúna,3524709,0,Campinas,7,Campinas,32,3,5,INSTITUTO EDUCACIONAL JAGUARY,982,1490,FACULDADE DE JAGUARIÚNA,FAJ,Rua Amazonas,504,,Jardim Dom Bosco,13820000,170,4,3,3,7,32,15,48,26,8,4,4,5,7,4,1,0,0,0,0,0,0,0,0,0,323,323,149,174,0,2,117,143,61,54,0,54,94,175,29,81,65,50,44,33,16,5,0,0,0,0,0,303,323,0,0
2010,Sudeste,3,Espírito Santo,ES,32,Vitória,3205309,1,Central Espírito-santense,3,Vitória,9,3,5,INSTITUTO BATISTA DE EDUCAÇÃO DE VITÓRIA,742,1064,FACULDADE BATISTA DE VITÓRIA,FABAVI,Rua Joaquim Leopoldino Lopes,230,,Consolação,29045580,43,0,0,4,3,13,5,9,6,1,1,0,1,0,0,1,1,0,0,0,0,0,0,0,0,34,34,9,25,0,0,8,20,6,13,1,12,3,18,4,7,6,6,4,1,4,2,27,0,4,0,0,0,34,0,0
2010,Sudeste,3,São Paulo,SP,35,Boituva,3507001,0,Itapetininga,11,Tatuí,43,3,5,FACULDADES INTEGRADAS BRASILEIRAS,1017,1545,INSTITUTO DE EDUCAÇÃO SUPERIOR DE BOITUVA,FIB,Rodovia Sp 129,Km 14,,Campo de Boituva,18550000,18,3,3,0,0,4,3,5,0,0,0,0,0,0,0,0,0,0,0,0,0,0,0,0,0,54,54,13,41,0,5,26,20,3,0,0,0,11,43,1,7,13,8,6,7,5,7,48,0,1,1,0,2,54,0,0
2010,Sul,4,Santa Catarina,SC,42,Tubarão,4218707,0,Sul Catarinense,6,Tubarão,18,1,5,FUNDAÇÃO UNIVERSIDADE DO SUL DE SANTA CATARINA,340,494,UNIVERSIDADE DO SUL DE SANTA CATARINA,UNISUL,"Av. José Acácio Moreira, 787, Dehon.",787,Campus Universitário,Dehon,88704900,1003,7,17,5,9,306,211,207,79,66,31,41,21,2,1,1,1,0,0,0,0,0,0,0,0,1457,1307,619,688,0,106,410,582,209,454,0,454,141,712,50,214,258,211,226,146,100,102,1233,9,1,0,0,61,1287,20,0
2010,Nordeste,2,Paraíba,PB,25,João Pessoa,2507507,1,Mata Paraibana,4,João Pessoa,22,3,4,SOCIEDADE DE ENSINO SUPERIOR DA PARAÍBA LTDA,750,1075,INSTITUTO DE EDUCAÇÃO SUPERIOR DA PARAÍBA,IESP,Avenida João Maurício,1819,,BESSA,58037010,52,0,2,0,0,11,18,7,8,2,1,2,1,0,0,0,0,0,0,0,0,0,0,0,0,173,173,69,104,0,20,68,76,9,29,0,29,47,97,22,56,39,14,15,12,5,10,0,0,0,0,0,172,172,1,0
2010,Nordeste,2,Bahia,BA,29,Ilhéus,2913606,0,Sul Baiano,7,Ilhéus-Itabuna,31,1,2,UNIVERSIDADE ESTADUAL DE SANTA CRUZ,24,24,UNIVERSIDADE ESTADUAL DE SANTA CRUZ,UESC,KM 16 DA RODOVIA ILHÉUS ITABUNA,S/N,,Salobrinho,45662900,407,3,35,2,14,93,81,84,43,22,18,7,4,0,1,1,1,0,0,0,0,0,0,0,0,748,641,296,345,0,38,86,298,219,615,246,369,26,0,16,76,119,118,115,71,61,65,3,0,3,0,0,630,615,26,1
2010,Sudeste,3,São Paulo,SP,35,Sorocaba,3552205,0,Macro Metropolitana Paulista,12,Sorocaba,46,3,2,GOVERNO DO ESTADO DE SÃO PAULO/CENTRO ESTADUAL DE EDUCAÇÃO TECNOLÓGICA PAULA SOUZA,33,33,FACULDADE DE TECNOLOGIA DE SOROCABA,FATEC SO,AVENIDA ENGENHEIRO CARLOS REINALDO MENDES,2.015,,ALTO DA BOA VISTA,18013280,77,4,7,1,3,18,9,22,13,0,0,0,0,0,0,0,0,0,0,0,0,0,0,0,0,122,117,25,92,0,29,15,51,22,21,21,0,0,96,4,7,12,17,23,22,19,13,72,2,4,1,0,20,117,0,0
2010,Sudeste,3,São Paulo,SP,35,Mairiporã,3528502,0,Metropolitana de São Paulo,15,Franco da Rocha,58,3,5,INSTITUTO MAIRIPORÃ DE ENSINO SUPERIOR,788,1144,FACULDADE DE CIÊNCIAS HUMANAS,IMENSU,AV. THOMAZ RODRIGUES DA CRUZ,1113,,BARREIRO,7600000,7,0,0,0,0,6,0,0,0,1,0,0,0,0,0,1,1,0,0,0,0,0,0,0,0,47,47,18,29,0,0,13,27,7,0,0,0,5,42,0,7,5,13,6,8,1,7,37,0,3,1,0,3,47,0,0
2010,Nordeste,2,Pernambuco,PE,26,Recife,2611606,1,Metropolitana de Recife,5,Recife,17,1,5,CENTRO DE EDUCAÇÃO TÉCNICA E CULTURAL,11,11,UNIVERSIDADE CATÓLICA DE PERNAMBUCO,UNICAP,Rua do Príncipe,526,Campus Universitário,Boa Vista,50050900,423,2,18,1,13,60,89,96,78,38,19,2,6,0,1,1,1,0,0,0,0,0,0,0,0,498,470,199,271,0,47,71,214,138,152,0,152,24,294,14,32,50,45,72,65,56,136,299,10,107,1,1,38,469,1,5
2010,Sudeste,3,Minas Gerais,MG,31,Muriaé,3143906,0,Zona da Mata,12,Muriaé,63,3,5,ASSOCIAÇÃO SANTA MARCELINA,303,435,FACULDADE DE FILOSOFIA CIÊNCIAS E LETRAS SANTA MARCELINA,FAFISM,Praça Annina Bisegna,40,,Centro,36880000,24,4,1,3,0,3,1,4,1,5,1,1,0,0,0,0,1,0,0,0,0,0,0,0,0,52,51,33,18,0,0,18,27,6,10,0,10,33,8,8,10,5,4,5,7,3,9,44,0,5,0,0,0,51,0,2
2010,Nordeste,2,Paraíba,PB,25,João Pessoa,2507507,1,Mata Paraibana,4,João Pessoa,22,3,5,ASSOCIAÇÃO PARAIBANA DE ENSINO RENOVADO,588,1462,INSTITUTO PARAIBANO DE ENSINO RENOVADO,INPER,Rua Afonso Barbosa,2011,,Jardim Marizópolis,58033450,55,1,4,2,0,15,10,14,6,1,0,0,2,0,0,0,0,0,0,0,0,0,0,0,0,172,118,62,56,0,0,57,59,2,14,1,13,44,60,11,31,31,16,10,9,5,5,10,0,4,0,0,19,118,0,0
2010,Nordeste,2,Ceará,CE,23,Fortaleza,2304400,1,Metropolitana de Fortaleza,3,Fortaleza,16,1,5,FUNDAÇÃO EDSON QUEIROZ,386,555,UNIVERSIDADE DE FORTALEZA,UNIFOR,Avenida Washington Soares,1321,,Edson Queiroz,60811905,1355,11,96,18,71,263,575,186,98,5,1,27,4,0,0,1,1,0,0,0,0,0,0,0,0,1166,1121,581,540,0,11,233,633,244,456,0,456,348,317,50,143,195,194,195,145,101,98,603,5,268,9,3,20,1114,7,6
2010,Sul,4,Santa Catarina,SC,42,Blumenau,4202404,0,Vale do Itajaí,4,Blumenau,12,1,3,FUNDAÇÃO UNIVERSIDADE REGIONAL DE BLUMENAU,60,76,UNIVERSIDADE REGIONAL DE BLUMENAU,FURB,Rua Antonio da Veiga,140,,Victor Konder,89012900,562,19,13,6,21,74,106,116,89,52,34,14,17,1,0,1,1,0,0,0,0,0,0,0,0,909,885,381,504,0,59,228,386,212,275,32,243,12,598,61,140,145,149,145,117,77,51,867,6,0,2,0,9,863,22,2
2010,Sudeste,3,São Paulo,SP,35,Bauru,3506003,0,Bauru,4,Bauru,20,3,5,INSTITUIÇÃO TOLEDO DE ENSINO,700,997,Centro Universitário de Bauru,,Praça Nove de Julho,jan/51,Térreo,Vila Pacífico,17050790,80,0,3,9,7,11,6,25,3,15,0,0,1,0,0,0,1,0,0,0,0,0,0,0,0,117,116,26,90,0,7,23,61,25,10,0,10,61,45,5,6,23,14,21,17,12,18,108,0,0,3,0,0,115,1,0
2010,Nordeste,2,Pernambuco,PE,26,Recife,2611606,1,Metropolitana de Recife,5,Recife,17,3,5,ASSOCIAÇÃO RECIFENSE DE EDUCAÇÃO E CULTURA,284,410,FACULDADE DE CIÊNCIAS HUMANAS ESUDA,FCHE,Rua Almeida Cunha,100,,Santo Amaro,50050480,117,7,9,3,2,35,17,27,4,7,4,2,0,0,0,0,1,0,0,0,0,0,0,0,0,100,100,46,54,0,0,47,51,2,13,0,13,25,62,3,13,16,23,19,8,7,11,57,0,19,0,0,21,99,1,0
2010,Nordeste,2,Bahia,BA,29,Salvador,2927408,1,Metropolitana de Salvador,5,Salvador,21,3,4,ASSOCIAÇÃO EDUCACIONAL UNYAHNA S/C,736,1123,INSTITUTO DE EDUCAÇÃO SUPERIOR UNYAHNA DE SALVADOR,IESUS,Rua Bicuiba,S/N,Alameda Patamares,Patamares,41680440,47,0,3,5,7,6,12,6,2,4,1,1,0,0,0,1,1,0,0,0,0,0,0,0,0,53,34,8,26,0,0,20,11,3,4,0,4,10,20,4,7,14,3,1,0,2,3,4,0,9,2,0,14,33,1,0
2010,Sudeste,3,São Paulo,SP,35,Taubaté,3554102,0,Vale do Paraíba Paulista,13,São José dos Campos,50,3,5,ASSOCIAÇÃO DE ENSINO SÃO JOSÉ DOS CAMPOS,851,1276,INSTITUTO TAUBATÉ DE ENSINO SUPERIOR,I.T.E.S.,Rua Bahia,44,,Jardim dos Estados,12062100,11,0,0,0,1,2,4,3,0,0,1,0,0,0,0,0,0,0,0,0,0,0,0,0,0,24,24,9,15,0,0,16,7,1,5,0,5,12,7,1,5,1,6,5,2,2,2,17,0,1,0,0,0,24,0,0
2010,Sudeste,3,São Paulo,SP,35,Espírito Santo do Pinhal,3515186,0,Campinas,7,São João da Boa Vista,30,2,5,FUNDAÇÃO PINHALENSE DE ENSINO,179,1230,CENTRO REGIONAL UNIVERSITÁRIO DE ESPÍRITO SANTO DO PINHAL,UNIPINHAL,Avenida Hélio Vergueiro Leite,s/n,,Jardim Universitário,13990000,103,2,14,2,2,8,9,12,18,12,18,0,2,0,4,0,0,0,0,0,0,0,0,0,0,341,254,116,138,0,35,62,102,55,7,0,7,78,169,28,42,45,53,24,24,19,19,210,2,1,4,0,19,252,2,1
2010,Nordeste,2,Bahia,BA,29,Salvador,2927408,1,Metropolitana de Salvador,5,Salvador,21,3,4,SOCIEDADE CULTURAL E EDUCACIONAL DA BAHIA LTDA.,310,1524,FACULDADES INTEGRADAS OLGA METTIG,FAMETTIG,Rua da Mangueira,32,,Nazaré,40040400,61,0,2,5,11,13,10,12,4,4,0,0,0,0,0,0,0,0,0,0,0,0,0,0,0,54,41,25,16,0,2,25,12,2,0,0,0,4,37,1,1,5,4,5,7,5,13,17,1,14,0,0,8,40,1,0
2010,Sudeste,3,São Paulo,SP,35,Andradina,3502101,0,Araçatuba,3,Andradina,16,3,4,SOCIEDADE CULTURAL DE ANDRADINA  LTDA.,83,109,FACULDADES INTEGRADAS RUI BARBOSA,FIRB,Rua Rodrigues Alves,756,,Centro,16900900,11,1,1,0,0,1,1,4,0,1,1,0,1,0,0,1,1,0,0,0,0,0,0,0,0,38,37,18,19,0,0,21,12,4,3,0,3,23,11,2,7,6,3,4,4,5,6,34,1,1,0,0,0,37,0,0
2010,Nordeste,2,Pernambuco,PE,26,Afogados da Ingazeira,2600104,0,Sertão Pernambucano,1,Pajeú,3,3,3,AUTARQUIA EDUCACIONAL DE AFOGADOS DA INGAZEIRA,709,1012,FACULDADE DE FORMAÇÃO DE PROFESSORES DE AFOGADOS DA INGAZEIRA,FAFOPAI,Rua Doutor Osvaldo Gouveia,S/N,,CENTRO,56800000,18,1,2,5,2,3,0,2,1,2,0,0,0,0,0,0,0,0,0,0,0,0,0,0,0,34,33,24,9,0,0,25,8,0,0,0,0,33,0,3,5,4,2,2,5,8,4,26,1,6,0,0,0,33,0,0
2010,Sudeste,3,Rio de Janeiro,RJ,33,Rio de Janeiro,3304557,1,Metropolitana do Rio de Janeiro,6,Rio de Janeiro,18,3,5,INSTITUTO PRESBITERIANO MACKENZIE,22,195,FACULDADE MORAES JÚNIOR - MACKENZIE RIO,FMJ - MACKENZIE RIO,Rua Buenos Aires,283,,Centro,20061003,79,0,2,0,10,14,27,18,5,3,0,0,0,0,0,1,1,0,0,0,0,0,0,0,0,88,84,33,51,0,0,15,55,14,18,0,18,25,41,2,9,11,15,13,12,6,16,59,2,15,1,1,2,82,2,0
2010,Sudeste,3,Espírito Santo,ES,32,Viana,3205101,0,Central Espírito-santense,3,Vitória,9,3,5,SOCIEDADE EDUCACIONAL DE VIANA,609,874,FACULDADE DE ESTUDOS SOCIAIS APLICADOS DE VIANA,FESAV,Km 11 Rodovia Br 101,s/n,Lar Esc Genoveva Mac,Universal,29135000,3,0,0,1,0,1,1,0,0,0,0,0,0,0,0,1,0,0,0,0,0,0,0,0,0,17,16,5,11,0,1,10,5,0,6,5,1,5,5,0,1,2,6,3,2,0,2,10,3,3,0,0,0,16,0,0
2010,Nordeste,2,Sergipe,SE,28,Aracaju,2800308,1,Leste Sergipano,3,Aracaju,11,3,4,SOCIEDADE EDUCACIONAL CULTURAL SERGIPE DEL REY S/S LTDA.,759,1090,FACULDADE SÃO LUÍS DE FRANÇA,FSLF,Rua Laranjeiras,1.838,,Getúlio Vargas,49055380,32,1,0,1,2,1,7,2,0,14,4,0,0,0,0,0,1,0,0,0,0,0,0,0,0,26,26,15,11,0,0,4,14,8,14,12,2,12,0,0,2,5,5,2,4,5,3,13,1,10,0,1,0,26,0,0
2010,Nordeste,2,Ceará,CE,23,Aracati,2301109,0,Jaguaribe,5,Litoral de Aracati,22,3,4,UNIÃO DE EDUCAÇÃO E CULTURA VALE DO JAGUARIBE LTDA.,901,1350,FACULDADE DO VALE DO JAGUARIBE,FVJ,Coronel Alexandrino,563,,Centro,62800000,69,0,0,2,4,13,5,8,14,11,3,4,4,1,0,0,0,0,0,0,0,0,0,0,0,213,143,79,64,0,0,64,58,21,60,3,57,83,0,26,23,24,24,18,16,7,5,14,1,28,0,0,99,142,1,1
2010,Sudeste,3,Rio de Janeiro,RJ,33,Rio de Janeiro,3304557,1,Metropolitana do Rio de Janeiro,6,Rio de Janeiro,18,1,2,FUNDAÇÃO UNIVERSIDADE DO ESTADO DO RIO DE JANEIRO,379,547,UNIVERSIDADE DO ESTADO DO RIO DE JANEIRO,UERJ,Rua São Francisco Xavier,524,CAMPUS UERJ,MARACANÃ,20559900,3996,37,86,174,252,598,661,860,507,382,154,159,60,37,29,1,1,0,0,0,0,0,0,0,0,3052,2899,1363,1536,0,734,83,539,1543,1624,0,1624,421,854,304,267,260,304,468,408,400,488,238,6,24,3,0,66,2888,11,3
2010,Sudeste,3,Minas Gerais,MG,31,Itabira,3131703,0,Metropolitana de Belo Horizonte,7,Itabira,31,3,5,FUNDAÇÃO COMUNITÁRIA DE ENSINO SUPERIOR DE ITABIRA,779,544,FACULDADE DE CIÊNCIAS HUMANAS DE ITABIRA,FACHI,RUA VENÂNCIO AUGUSTO GOMES,50,,MAJOR LAGE DE CIMA,35900972,132,3,4,7,10,33,20,29,10,8,2,3,3,0,0,1,1,0,0,0,0,0,0,0,0,27,26,11,15,0,1,9,14,2,8,0,8,10,8,5,7,5,2,3,1,3,0,14,1,7,0,0,3,26,0,0
2010,Nordeste,2,Bahia,BA,29,Cachoeira,2904902,0,Metropolitana de Salvador,5,Santo Antônio de Jesus,20,3,5,INSTITUIÇÃO ADVENTISTA NORDESTE BRASILEIRA DE EDUCAÇÃO E ASSISTÊNCIA SOCIAL (IANDBEAS),2794,1206,FACULDADE ADVENTISTA DE FISIOTERAPIA,FAFIS,Br 101 Km 197,S/N,Iaene,Capoeiruçu,44300000,46,0,1,0,0,4,7,15,11,4,4,0,0,0,0,1,1,0,0,0,0,0,0,0,0,28,28,15,13,0,0,15,12,1,7,4,3,9,12,1,8,12,1,4,1,1,0,17,3,4,0,0,2,27,1,0
2010,Centro-Oeste,5,Goiás,GO,52,Anápolis,5201108,0,Centro Goiano,3,Anápolis,7,1,2,UNIVERSIDADE ESTADUAL DE GOIÁS,42,47,UNIVERSIDADE ESTADUAL DE GOIÁS,UEG,BR 153,S/N,KM 98 (Campus),Zona Rural,75000000,1487,0,0,305,215,423,206,145,67,81,34,4,3,2,2,1,1,0,0,0,0,0,0,0,0,2659,2521,1398,1123,0,299,1369,667,186,567,73,494,1744,210,400,555,481,360,281,207,139,98,122,9,70,0,1,2211,2518,3,0
2010,Norte,1,Rondônia,RO,11,Porto Velho,1100205,1,Madeira-Guaporé,1,Porto Velho,1,3,5,"SOCIEDADE MANTENEDORA DE PESQ. EDUC. ASSIST. COMUN. E CULTURA ""MARIA COELHO AGUI",757,1087,FACULDADES INTEGRADAS APARÍCIO CARVALHO,FIMCA,Rua Araras,241,,Jardim Eldorado,78912640,137,8,8,15,4,51,21,14,11,2,3,0,0,0,0,0,1,0,0,0,0,0,0,0,0,245,245,128,117,0,0,139,86,20,43,0,43,202,0,45,61,49,35,25,16,9,5,131,11,69,6,0,24,244,1,0
2010,Sudeste,3,Minas Gerais,MG,31,Belo Horizonte,3106200,1,Metropolitana de Belo Horizonte,7,Belo Horizonte,30,1,1,MINISTÉRIO DA EDUCAÇÃO,391,575,UNIVERSIDADE FEDERAL DE MINAS GERAIS,UFMG,Avenida Antonio Carlos,6627,,Pampulha,31270901,4320,54,166,78,116,994,686,611,298,768,282,132,71,40,24,1,1,0,0,0,0,0,0,0,0,2679,2581,1099,1482,0,24,63,327,2167,2350,2248,102,231,0,33,170,282,374,520,443,451,308,23,0,6,1,0,21,2534,47,0
2010,Nordeste,2,Pernambuco,PE,26,Recife,2611606,1,Metropolitana de Recife,5,Recife,17,3,5,ASSOCIAÇÃO EDUCACIONAL BOA VIAGEM,839,1255,FACULDADE BOA VIAGEM,FBV,Avenida Jean Emile Favre,422,,Imbiribeira,51190540,124,4,7,1,3,29,28,29,15,2,3,2,1,0,0,0,1,0,0,0,0,0,0,0,0,387,298,123,175,0,0,71,203,24,103,0,103,102,93,31,74,56,47,33,15,19,23,168,5,64,2,1,56,298,0,3
2010,Sudeste,3,São Paulo,SP,35,Jundiaí,3525904,0,Macro Metropolitana Paulista,12,Jundiaí,47,3,3,PREFEITURA MUNICIPAL DE JUNDIAÍ,74,94,ESCOLA SUPERIOR DE EDUCAÇÃO FÍSICA DE JUNDIAÍ,ESEFJ,Rua Rodrigo Soares de Oliveira,S/N,,ANHANGABAU,13208120,28,1,1,1,0,5,9,7,2,1,0,0,1,0,0,0,0,0,0,0,0,0,0,0,0,22,21,8,13,0,0,3,9,9,0,0,0,21,0,0,0,1,4,8,3,3,2,14,0,2,0,0,0,20,1,0
2010,Sudeste,3,São Paulo,SP,35,Jaboticabal,3524303,0,Ribeirão Preto,2,Jaboticabal,13,3,5,ASSOCIAÇÃO JABOTICABALENSE DE EDUCAÇÃO E CULTURA,358,517,FACULDADE DE EDUCAÇÃO SÃO LUÍS,FESL,Rua Floriano Peixoto,839/873,,Centro,14870370,94,0,1,0,0,7,4,53,13,6,6,2,2,0,0,0,1,0,0,0,0,0,0,0,0,182,181,92,89,0,0,86,76,19,0,0,0,19,162,34,54,33,17,15,12,9,7,159,1,6,2,0,10,180,1,2
2010,Nordeste,2,Ceará,CE,23,Sobral,2312908,0,Noroeste Cearense,1,Sobral,5,1,2,GECE - UNIVERSIDADE ESTADUAL VALE DO ACARAÚ,75,95,UNIVERSIDADE ESTADUAL DO VALE DO ACARAÚ,UVA,AVENIDA DA UNIVERSIDADE,850,,BETÁNIA,62040370,119,6,8,5,5,12,10,29,13,17,12,0,2,0,0,1,1,0,0,0,0,0,0,0,0,519,479,192,287,0,153,128,144,54,330,228,102,23,126,72,65,74,70,75,42,32,49,140,24,101,15,6,193,479,0,4
2010,Sudeste,3,Rio de Janeiro,RJ,33,Rio de Janeiro,3304557,1,Metropolitana do Rio de Janeiro,6,Rio de Janeiro,18,1,1,MINISTÉRIO DA EDUCAÇÃO,391,586,UNIVERSIDADE FEDERAL DO RIO DE JANEIRO,UFRJ,Avenida Brigadeiro Trompowsky,s/n,Cidade Universitária,Ilha do Fundão,21941590,9071,221,599,309,560,1615,1485,1774,962,693,317,237,195,46,58,1,1,0,0,0,0,0,0,0,0,3905,3905,1733,2172,0,261,56,676,2912,3384,3014,370,521,0,147,280,380,451,658,622,591,776,897,14,73,4,1,2758,3795,110,6
2010,Sudeste,3,Rio de Janeiro,RJ,33,Campos dos Goytacazes,3301009,0,Norte Fluminense,2,Campos dos Goytacazes,3,1,2,GOVERNO DO ESTADO DO RIO DE JANEIRO,728,1027,UNIVERSIDADE ESTADUAL DO NORTE FLUMINENSE DARCY RIBEIRO,UENF,Avenida Alberto Lamego,2000,,Parque Califórnia,28013602,525,2,28,5,41,96,153,85,50,15,9,19,15,3,4,1,0,0,0,0,0,0,0,0,0,293,264,83,181,0,0,0,0,264,264,264,0,0,0,1,13,32,51,68,44,21,34,5,1,0,0,0,3,225,39,0
2010,Centro-Oeste,5,Goiás,GO,52,Cristalina,5206206,0,Leste Goiano,4,Entorno de Brasília,12,3,4,SOCIEDADE CENTRAL DE ENSINO SUPERIOR,1118,1696,FACULDADE CENTRAL DE CRISTALINA,FACEC,Rua Getúlio Vargas,1.478,,Centro,73850000,12,0,0,2,1,4,2,1,0,2,0,0,0,0,0,0,1,0,0,0,0,0,0,0,0,42,38,22,16,0,0,34,4,0,5,4,1,4,29,10,8,3,8,3,3,3,0,18,1,16,0,0,3,38,0,0
2010,Sudeste,3,Espírito Santo,ES,32,Vila Velha,3205200,0,Central Espírito-santense,3,Vitória,9,3,5,FUNDAÇÃO NOVO MILENIO,870,1308,FACULDADE NOVO MILÊNIO,FNM,Avenida Santa Leopoldina,840,,Coqueiral de Itaparica,29102040,71,0,0,0,12,11,12,20,15,0,1,0,0,0,0,1,1,0,0,0,0,0,0,0,0,169,169,79,90,0,0,145,20,4,0,0,0,0,169,18,40,41,26,17,15,6,6,113,2,44,0,0,6,167,2,0
2010,Sudeste,3,São Paulo,SP,35,São Paulo,3550308,1,Metropolitana de São Paulo,15,São Paulo,61,2,5,INSTITUTO ADVENTISTA DE ENSINO,144,1365,CENTRO UNIVERSITÁRIO ADVENTISTA DE SÃO PAULO,UNASP,Estrada de Itapecerica,5859,,Jardim IAE,5858001,554,18,47,12,57,56,179,72,68,15,18,4,5,1,2,0,1,0,0,0,0,0,0,0,0,283,283,133,150,0,0,74,128,81,110,95,15,50,123,13,44,56,46,49,37,22,16,131,2,9,2,0,125,273,10,0
2010,Sudeste,3,Minas Gerais,MG,31,Alfenas,3101607,0,Sul/Sudoeste de Minas,10,Alfenas,49,1,1,UNIVERSIDADE FEDERAL DE ALFENAS - UNIFAL-MG,15031,595,UNIVERSIDADE FEDERAL DE ALFENAS,UNIFAL-MG,RUA GABRIEL MONTEIRO DA SILVA,700,,CENTRO,37130000,242,0,1,0,2,24,34,26,17,77,50,6,4,1,0,1,0,0,0,0,0,0,0,0,0,349,337,160,177,0,3,4,102,228,329,321,8,8,0,19,85,77,61,35,37,16,7,221,2,12,7,0,31,331,6,4
2010,Sudeste,3,Minas Gerais,MG,31,Paracatu,3147006,0,Noroeste de Minas,1,Paracatu,2,3,4,CENTRO BRASILEIRO DE EDUCAÇÃO E CULTURA,452,682,FACULDADE DO NOROESTE DE MINAS,FINOM,"Rodovia MG 188, km 167. Fazendinha. Caixa Postal.",s/n,,Fazendinha,38600000,122,0,4,2,6,10,16,37,14,13,3,5,9,1,2,0,0,0,0,0,0,0,0,0,0,139,135,59,76,0,0,71,60,4,18,0,18,52,65,41,27,20,17,14,9,5,2,71,5,52,2,0,1,135,0,1
2010,Norte,1,Roraima,RR,14,Boa Vista,1400100,1,Norte de Roraima,1,Boa Vista,1,1,1,FUNDAÇÃO UNIVERSIDADE FEDERAL DE RORAIMA,541,789,UNIVERSIDADE FEDERAL DE RORAIMA,UFRR,Av. Capitão Ene Garcez,2413,,AEROPORTO,69304000,285,1,0,7,10,37,49,94,51,20,12,3,1,0,0,0,0,0,0,0,0,0,0,0,0,331,223,96,127,0,21,20,88,94,207,188,19,15,1,8,25,32,35,69,32,14,8,108,4,54,2,2,51,223,0,0
2010,Centro-Oeste,5,Mato Grosso do Sul,MS,50,Ponta Porã,5006606,0,Sudoeste de Mato Grosso do Sul,4,Dourados,10,3,5,CENTRO EDUCACIONAL DE PONTA PORÃ,665,940,FACULDADE DE CIÊNCIAS CONTÁBEIS DE PONTA PORÃ,FCCPP,Avenida Presidente Vargas,725,,Centro,79900000,11,0,1,1,0,2,2,3,1,1,0,0,0,0,0,0,0,0,0,0,0,0,0,0,0,14,14,6,8,0,0,9,5,0,1,0,1,4,9,4,1,5,1,1,1,0,1,6,1,1,0,0,1,14,0,0
2010,Sudeste,3,São Paulo,SP,35,Marília,3529005,0,Marília,9,Marília,38,3,2,AUTARQUIA FACULDADE DE MEDICINA DE MARÍLIA - SECTDE,300,431,FACULDADE DE MEDICINA DE MARÍLIA,FAMEMA,Avenida Monte Carmelo,800,,FRAGATA C,17519030,1871,32,18,207,61,734,267,268,92,133,37,16,5,0,1,0,1,0,0,0,0,0,0,0,0,294,287,127,160,0,2,121,65,99,167,62,105,120,0,5,24,22,43,62,52,42,37,254,0,5,26,0,2,287,0,4
2010,Sudeste,3,São Paulo,SP,35,Dracena,3514403,0,Presidente Prudente,8,Dracena,34,3,5,FUNDAÇÃO DRACENENSE DE EDUCAÇÃO E CULTURA,343,1420,FACULDADES DE DRACENA,,AV. ALCIDES CHACON COUTO,395,,METROPOLE,17900000,95,0,0,3,2,28,11,25,13,4,6,2,0,0,1,1,1,0,0,0,0,0,0,0,0,77,77,47,30,0,4,37,32,4,0,0,0,0,77,10,16,16,8,14,7,2,4,51,1,2,0,0,20,77,0,0
2010,Nordeste,2,Pernambuco,PE,26,Recife,2611606,1,Metropolitana de Recife,5,Recife,17,3,4,S/C SOCIEDADE PERNAMBUCANA DE CULTURA E ENSINO LTDA.,516,760,FACULDADE DE CIÊNCIAS HUMANAS DE PERNAMBUCO,FCHPE,Avenida João de Barros,561,,Boa Vista,50050180,25,0,1,0,1,5,13,3,2,0,0,0,0,0,0,0,1,0,0,0,0,0,0,0,0,43,43,15,28,0,0,15,25,3,11,0,11,9,23,1,4,4,7,8,3,5,11,21,2,11,0,0,9,43,0,0
2010,Sudeste,3,São Paulo,SP,35,Campinas,3509502,0,Campinas,7,Campinas,32,3,5,INSTITUTO PAULISTA DE ENSINO E PESQUISA,766,1385,FACULDADES INTEGRADAS IPEP,FIPEP,RUA JOSÉ DE ALENCAR,430,,CENTRO,13013040,108,6,4,12,6,38,17,16,8,0,0,0,1,0,0,1,1,0,0,0,0,0,0,0,0,74,62,20,42,0,0,39,18,5,0,0,0,2,60,2,10,15,11,10,8,3,3,50,1,0,2,0,1,61,1,0
2010,Sudeste,3,São Paulo,SP,35,São Paulo,3550308,1,Metropolitana de São Paulo,15,São Paulo,61,3,5,FUNDAÇÃO GETÚLIO VARGAS,110,151,ESCOLA DE ADMINISTRAÇÃO DE EMPRESAS DE SÃO PAULO,FGV-EAESP,Avenida 9 de Julho,2029,,Bela Vista,1313902,84,0,0,0,0,18,3,47,7,5,0,2,0,2,0,1,1,0,0,0,0,0,0,0,0,300,286,61,225,0,6,7,64,209,89,64,25,37,160,2,17,28,32,41,42,41,83,273,0,0,5,0,0,272,14,0
2010,Sul,4,Santa Catarina,SC,42,Brusque,4202909,0,Vale do Itajaí,4,Blumenau,12,2,3,FUNDAÇÃO EDUCACIONAL DE BRUSQUE,70,87,CENTRO UNIVERSITÁRIO DE BRUSQUE,UNIFEBE,Rua Dorval Luz,123,-,Santa Terezinha,88352400,85,9,1,5,1,9,6,14,6,11,2,9,11,1,0,0,0,0,0,0,0,0,0,0,0,299,243,88,155,0,5,93,127,18,18,18,0,83,142,15,49,44,52,43,21,8,11,231,1,3,0,0,6,243,0,0
2010,Sul,4,Santa Catarina,SC,42,Florianópolis,4205407,1,Grande Florianópolis,5,Florianópolis,16,3,4,COMPLEXO DE ENSINO SUPERIOR DE SANTA CATARINA - CESUSC,973,1469,FACULDADE DE CIÊNCIAS SOCIAIS DE FLORIANÓPOLIS,FCSF,"Rodovia SC 401, Km 10",s/n,Trevo de Santo Antôn,Santo Antônio de Lisboa,88050001,67,2,0,5,3,24,13,15,5,0,0,0,0,0,0,0,0,0,0,0,0,0,0,0,0,134,133,54,79,0,0,28,81,24,16,0,16,41,76,13,38,38,12,18,7,3,4,126,0,1,0,0,6,131,2,0
